PropertySize,LandValue,LivingArea,Age,Rooms,Bedrooms,Bathrooms,Fireplaces,HeatingSystem,HeatingFuel,SewerSystem,HasCentralAC,AtWaterfront,NeighborhoodHigherEdPct,Price
1902,83769,305,1,12,4,3.0,1,air,gas,public,No,No,40,245385
2104,3000,85,75,4,2,1.0,0,air,gas,septic,No,No,44,34615
567,15077,120,16,6,2,1.5,1,air,gas,public,No,No,64,151538
1700,21923,238,14,12,4,2.5,1,water/steam,oil,septic,No,No,64,222500
647,12077,85,21,3,2,1.5,1,air,gas,public,No,No,40,111538
607,12077,85,16,4,2,1.5,1,electric,electricity,public,No,No,52,88846
1942,44462,205,27,11,4,2.5,2,air,gas,public,Yes,No,57,173077
1295,111462,101,42,4,2,2.0,0,air,gas,public,Yes,No,62,203846
3764,18077,178,48,10,5,2.0,1,water/steam,gas,septic,No,No,64,176923
1983,11538,203,1,8,3,2.5,1,air,gas,septic,Yes,No,51,203846
647,11615,172,18,7,3,2.5,0,electric,electricity,public,No,No,52,108462
1174,49538,161,3,7,3,2.5,0,air,gas,public,Yes,No,62,187308
931,2769,140,66,8,3,1.0,1,air,gas,public,No,No,38,100769
1862,12077,149,15,4,3,2.5,1,air,oil,septic,Yes,No,57,145462
2469,12385,231,21,11,4,2.5,1,air,gas,septic,Yes,No,62,211538
607,11615,129,17,8,3,1.5,0,electric,electricity,public,No,No,54,111538
688,12154,84,21,5,2,1.0,0,electric,electricity,public,No,No,40,115731
1821,24846,171,35,6,3,1.5,1,air,gas,public,No,No,64,184615
1942,9231,164,33,7,3,1.5,1,air,oil,septic,No,No,62,118077
1376,27692,180,6,7,3,2.5,1,air,gas,public,No,No,63,204538
1133,17846,104,57,4,3,1.5,0,air,oil,septic,No,No,61,141154
728,16462,106,16,7,2,1.0,1,electric,electricity,public,Yes,No,64,92308
2671,40769,206,19,8,4,2.5,1,air,gas,public,Yes,No,63,191538
2064,20692,123,13,7,3,2.0,0,air,gas,public,Yes,No,61,184615
243,1231,137,16,5,2,2.5,1,air,gas,public,No,No,52,49615
243,12615,137,19,5,3,1.5,1,air,gas,public,Yes,No,63,96538
1133,62154,212,29,6,3,1.5,1,air,gas,public,Yes,No,57,169231
243,12615,137,20,7,2,1.5,1,air,gas,public,Yes,No,64,107692
2671,24000,214,15,11,4,2.5,1,air,gas,septic,Yes,No,51,223077
3602,32000,184,9,6,3,2.5,0,air,gas,public,Yes,No,64,180692
2307,23000,139,59,7,2,1.0,1,air,gas,public,No,No,75,119231
1619,45385,143,34,7,3,2.5,0,air,gas,public,No,No,57,141554
647,11615,141,18,5,3,1.5,1,electric,electricity,public,No,No,40,130769
22865,53385,181,53,5,2,1.5,1,air,oil,public,Yes,No,64,165385
1862,21077,214,37,8,4,2.5,1,water/steam,gas,public,No,No,64,153077
567,14154,126,13,5,2,1.5,1,air,gas,public,Yes,No,63,153154
1740,19231,121,15,4,3,1.5,0,air,gas,septic,No,No,54,155385
567,5692,78,0,7,2,1.0,0,air,gas,public,Yes,No,36,67769
1942,36462,287,11,11,4,2.5,1,air,gas,public,Yes,No,64,301922
647,4000,242,17,12,4,3.0,0,electric,electricity,septic,No,No,38,214231
1295,20769,145,17,8,4,1.5,0,electric,electricity,public,No,No,52,136154
1619,19231,194,18,10,4,2.5,1,water/steam,gas,public,No,No,64,148462
1983,19154,111,28,7,4,2.0,1,air,gas,public,No,No,64,165385
283,36000,107,94,3,2,1.5,0,air,gas,public,No,No,57,106154
607,46923,241,1,10,3,3.0,0,air,gas,public,Yes,No,57,258462
931,37077,118,32,8,3,1.5,0,air,gas,public,No,No,57,123846
4047,13154,252,0,9,4,2.5,1,air,gas,none,No,No,71,189615
1578,7538,209,26,10,4,1.0,0,air,gas,septic,No,No,40,139446
3804,27846,238,37,11,4,2.5,1,water/steam,gas,public,No,No,61,219231
1538,22385,156,37,5,3,1.5,1,air,gas,public,No,No,64,121462
486,14000,122,20,5,2,1.5,1,electric,electricity,public,No,No,64,125308
283,18846,149,12,4,2,1.5,0,air,gas,public,Yes,No,64,106923
4290,96231,451,14,12,5,4.0,2,air,oil,septic,Yes,No,57,476923
647,11615,129,17,7,2,1.5,1,electric,electricity,public,No,No,54,101231
7932,14154,140,13,6,2,2.0,0,air,oil,septic,No,No,57,123077
4937,149769,292,2,12,5,3.5,0,air,gas,septic,Yes,No,57,584615
890,5308,96,73,4,3,1.0,0,air,gas,septic,No,No,82,50000
2388,12846,153,11,5,3,1.5,0,air,oil,septic,No,No,62,144231
2307,25538,194,45,8,4,2.0,1,water/steam,gas,septic,No,No,63,143846
647,48154,241,1,8,3,3.0,0,air,gas,public,Yes,No,57,276746
1942,14769,192,15,5,3,2.5,0,air,gas,septic,Yes,No,62,192308
324,13231,137,17,5,3,1.5,1,air,gas,public,Yes,No,64,85000
2388,19231,121,15,5,3,1.5,1,air,gas,septic,Yes,No,54,146154
2185,26692,196,39,9,4,1.5,1,air,gas,public,No,No,61,176923
1983,179231,308,0,12,4,2.5,1,air,gas,public,Yes,No,64,310031
283,12923,132,30,4,3,1.5,0,air,gas,public,Yes,No,63,116154
4047,17615,62,43,3,2,1.0,0,air,oil,septic,No,No,57,169231
2307,48077,90,85,4,3,1.0,0,air,oil,public,No,No,62,153846
850,5615,175,125,6,3,2.5,0,air,gas,public,No,No,52,106962
1376,9154,149,154,7,4,1.0,0,air,oil,public,No,No,54,125000
1862,10615,178,25,8,3,2.0,0,air,gas,septic,No,No,62,165385
324,13231,128,21,3,2,1.5,1,electric,electricity,public,No,No,63,105385
445,11846,114,15,4,2,1.5,1,air,gas,public,No,No,63,138462
1295,14923,154,11,6,3,1.5,0,electric,electricity,none,No,No,51,115385
769,5615,146,18,4,3,1.5,0,air,gas,public,No,No,35,157692
2428,54615,184,25,10,4,2.5,1,air,gas,public,Yes,No,64,168462
364,13538,137,18,8,3,1.5,0,water/steam,gas,public,No,No,64,65385
2347,13385,254,4,9,3,2.5,1,air,gas,public,Yes,No,63,263077
1497,44000,115,33,7,3,1.0,1,air,gas,public,Yes,No,62,116154
1942,47692,199,27,10,4,2.5,1,air,gas,public,Yes,No,64,206154
1538,46769,227,18,9,4,2.5,2,air,gas,public,Yes,No,82,211538
1335,2615,67,49,4,3,1.0,0,air,gas,septic,No,No,44,67692
4047,11923,74,98,3,2,1.0,0,air,oil,septic,No,No,52,95385
1335,20769,145,17,6,3,1.5,1,air,gas,public,No,No,52,113846
1862,14154,295,10,12,4,4.0,0,air,gas,septic,Yes,No,57,246154
1942,9615,142,20,6,3,2.0,1,air,gas,septic,Yes,No,57,138462
769,1615,111,123,5,3,1.0,0,water/steam,gas,public,No,No,44,50554
2226,51769,197,20,10,3,2.5,1,air,gas,public,Yes,No,64,273077
2509,21923,193,13,9,3,2.5,1,air,gas,septic,No,No,52,230692
1942,15077,87,30,7,3,1.0,1,water/steam,gas,public,No,No,52,117308
1012,22308,185,20,9,4,3.0,1,air,gas,public,No,No,64,157692
1942,25846,111,32,5,3,1.5,0,air,gas,public,No,No,63,142308
4047,27615,139,70,7,3,1.0,0,air,oil,septic,No,No,63,384615
1700,14231,136,32,9,4,1.5,0,air,gas,septic,Yes,No,60,107692
1376,20769,140,21,4,3,1.5,0,electric,electricity,public,No,No,51,163077
1133,4846,142,18,7,4,2.0,0,air,oil,septic,No,No,52,70769
445,11538,78,1,3,2,1.0,0,air,gas,public,Yes,No,36,100692
1497,28846,212,4,7,4,2.5,1,air,gas,public,No,No,64,192231
10845,16462,211,11,8,4,3.5,1,water/steam,oil,septic,No,No,54,130769
1255,20769,154,19,6,3,1.5,1,electric,electricity,public,No,No,40,176923
202,24615,172,8,9,3,2.5,0,electric,electricity,public,Yes,No,62,192308
1942,24000,140,26,5,4,1.5,1,water/steam,gas,public,No,No,64,127692
1416,28077,215,6,7,4,2.5,1,air,gas,public,Yes,No,64,163462
1862,18846,160,26,5,3,1.5,1,electric,electricity,public,No,No,63,146923
4047,35385,115,24,3,2,1.5,0,electric,electricity,septic,No,No,64,150000
1983,28385,214,4,7,4,2.5,1,air,gas,public,Yes,No,63,226923
2914,2462,144,11,8,3,2.0,0,air,gas,septic,No,No,44,149059
1942,12154,143,42,7,4,1.0,0,air,oil,septic,No,No,77,76923
3278,83769,232,1,9,3,2.5,1,air,gas,public,No,No,40,246315
2307,26846,118,9,6,2,1.5,0,air,gas,public,No,No,64,186923
445,2385,128,153,5,3,2.0,0,water/steam,gas,public,No,No,57,74615
971,196154,287,55,12,4,4.0,2,water/steam,gas,public,Yes,No,57,430000
1983,83769,292,1,10,4,2.5,1,air,gas,public,Yes,No,40,252664
4047,14769,199,52,7,2,1.5,1,water/steam,oil,septic,No,No,62,150000
607,16154,114,14,5,2,1.5,1,air,gas,public,No,No,64,115385
1902,19615,123,11,7,3,2.5,0,air,gas,public,No,No,63,144231
1093,43462,129,105,4,2,1.0,1,electric,electricity,public,No,Yes,40,250000
11533,42077,203,25,8,4,2.0,1,electric,electricity,septic,Yes,No,60,166923
890,2615,137,17,4,3,1.5,0,air,gas,public,No,No,54,90769
2388,24385,239,33,9,4,2.5,1,water/steam,gas,public,No,No,64,156615
1255,20769,140,18,8,3,1.5,1,air,gas,public,No,No,54,114615
3561,14923,101,17,6,3,1.0,0,air,oil,septic,No,No,35,67308
688,7846,100,57,6,2,1.0,0,air,oil,public,No,No,40,117692
364,13538,120,25,5,2,1.5,1,air,gas,public,Yes,No,63,119231
2590,25538,237,35,9,4,2.5,1,water/steam,gas,public,No,No,64,201538
1862,15538,129,45,6,3,1.5,1,air,gas,septic,No,No,71,120769
4006,7615,95,10,5,3,2.0,0,air,oil,septic,Yes,No,57,115385
1862,36923,240,26,12,4,2.5,1,air,oil,public,Yes,No,64,245385
1255,2615,144,85,8,3,1.5,0,air,oil,public,No,No,27,103846
5423,34154,230,0,10,4,2.5,1,air,gas,septic,No,No,71,215038
2104,21615,170,47,8,4,2.0,1,air,oil,septic,No,No,60,146154
647,12077,92,19,4,2,2.0,0,electric,electricity,public,No,No,54,67692
3521,71769,188,19,10,4,2.0,0,air,oil,public,No,No,57,115308
1376,27846,141,1,5,3,2.0,1,air,gas,public,Yes,No,64,126462
1538,2538,161,36,8,4,1.5,1,water/steam,gas,septic,No,No,36,140000
1538,29231,193,25,9,3,2.5,1,electric,gas,public,Yes,No,64,119231
24564,19769,115,14,5,3,2.0,0,air,oil,septic,No,No,57,173077
1052,16846,160,31,9,3,1.5,1,air,gas,public,Yes,No,64,138462
567,462,212,105,10,4,1.5,0,water/steam,oil,public,No,No,33,142308
526,48462,112,52,6,3,1.0,0,air,gas,public,No,No,62,231000
2792,5000,134,33,6,3,2.0,2,water/steam,gas,septic,No,No,44,106971
1376,14615,136,51,5,4,1.0,0,air,oil,septic,No,No,52,141427
2226,2308,159,14,6,4,2.0,0,air,oil,septic,Yes,No,36,160769
2469,15000,98,1,4,3,2.0,0,water/steam,oil,septic,No,No,21,122308
1619,23077,162,35,9,4,1.5,1,air,gas,public,Yes,No,64,124615
2145,83769,311,1,11,4,3.5,1,air,gas,public,No,No,40,241538
2185,23231,153,19,4,3,2.0,1,air,gas,public,Yes,No,61,244231
486,12923,125,15,4,2,2.5,1,air,gas,public,Yes,No,64,111154
1214,40769,109,30,7,3,1.0,0,air,gas,public,No,No,57,107615
1295,6154,145,36,6,3,1.0,1,air,gas,septic,Yes,No,54,106538
2549,7308,201,54,7,2,1.5,0,water/steam,oil,septic,No,No,57,173077
1255,20769,140,19,4,3,1.5,1,air,gas,public,No,No,40,136538
2023,56538,172,43,7,3,1.5,1,air,gas,public,No,No,57,146077
2873,46923,171,73,8,4,2.0,0,air,oil,septic,No,Yes,71,223077
486,43231,208,1,6,3,3.0,0,air,gas,public,Yes,No,57,233365
4047,13077,155,40,8,3,2.0,1,water/steam,oil,septic,No,No,62,126923
1497,7154,103,38,9,4,1.0,0,air,gas,septic,Yes,No,40,143100
486,68462,136,110,5,2,1.0,0,water/steam,gas,public,No,No,62,171538
890,55385,105,46,8,3,2.0,1,water/steam,gas,public,No,No,57,176154
931,32615,113,0,5,3,2.0,0,air,gas,public,Yes,No,57,123077
1942,28231,147,18,5,3,1.5,1,water/steam,gas,public,No,No,63,153462
1862,8538,220,0,8,4,2.5,1,air,gas,public,No,No,33,201538
1295,26923,173,0,9,3,2.5,1,air,gas,public,No,No,64,150123
1133,17231,84,102,7,2,1.0,1,water/steam,oil,septic,No,No,60,56154
3480,27385,184,3,8,3,2.5,1,air,gas,septic,No,No,64,171077
1862,14154,192,17,10,4,2.5,1,air,gas,septic,Yes,No,57,192308
1052,32231,99,49,8,3,1.0,0,air,gas,septic,Yes,No,64,115385
2104,15615,222,53,6,3,1.0,0,air,oil,septic,No,No,64,81923
445,66923,132,83,7,3,2.0,0,water/steam,gas,public,No,No,57,205385
1942,44462,199,27,9,4,1.0,0,water/steam,gas,public,No,No,62,166905
850,22154,110,16,6,2,1.5,1,air,gas,public,Yes,No,63,123000
4047,16154,94,24,3,2,1.0,0,air,gas,septic,Yes,No,52,107692
445,66923,209,121,8,4,2.0,0,water/steam,gas,public,No,No,62,515385
4168,31923,158,63,10,5,1.0,0,water/steam,oil,septic,No,No,41,92231
607,12077,85,18,3,2,1.5,0,water/steam,gas,public,No,No,52,76923
2792,21462,155,26,4,3,1.5,1,air,gas,septic,Yes,No,64,154231
3035,63462,263,12,10,4,2.5,1,air,gas,public,Yes,No,64,261538
2023,24615,154,0,7,3,2.0,0,air,gas,public,Yes,No,52,160590
7810,101154,355,16,12,3,4.0,2,air,gas,septic,Yes,No,63,241258
2711,30462,150,16,8,3,1.5,1,air,gas,public,Yes,No,64,190769
2388,24385,225,38,7,4,2.5,1,water/steam,gas,public,No,No,64,161538
2023,24615,276,0,10,4,4.0,1,air,gas,public,Yes,No,52,197989
1902,18231,144,53,8,3,1.5,0,water/steam,oil,septic,No,No,52,160000
243,12615,128,20,7,2,1.5,0,air,gas,public,Yes,No,64,89923
2023,11538,152,30,8,4,2.5,1,water/steam,gas,septic,No,No,57,130000
850,24615,267,0,8,4,3.0,0,air,gas,public,No,No,54,219660
1255,36615,192,35,8,4,2.5,1,air,gas,public,No,No,57,140769
1619,21538,165,149,8,3,2.0,0,air,oil,septic,No,No,64,129231
1902,20923,164,15,5,3,2.0,1,electric,electricity,septic,No,No,52,134615
445,15923,127,16,3,2,1.5,1,electric,electricity,public,Yes,No,64,88462
405,846,105,126,7,3,1.5,0,air,gas,public,No,No,38,82558
647,11615,96,19,4,2,1.5,0,electric,electricity,public,No,No,52,83077
2347,13385,293,0,10,4,3.5,1,air,gas,public,Yes,No,63,342308
567,71538,158,129,9,4,1.0,0,water/steam,gas,public,No,No,62,179231
2873,17462,128,58,7,3,1.5,1,water/steam,oil,public,No,No,82,116538
1983,19231,148,15,8,3,1.5,1,air,gas,septic,No,No,54,161538
890,41923,72,40,7,2,1.0,0,water/steam,gas,public,No,No,57,108429
2185,26692,182,38,10,4,2.0,1,air,gas,public,No,No,64,172308
283,15615,129,16,5,2,1.5,1,electric,electricity,public,Yes,No,64,102308
3602,14846,156,14,5,4,1.5,0,electric,electricity,septic,No,No,38,92308
1133,24615,166,22,5,3,1.5,1,electric,electricity,public,No,No,64,161923
607,14231,86,20,5,2,1.0,1,air,gas,public,No,No,63,99769
4047,3077,71,0,9,4,2.0,0,air,gas,septic,No,No,22,142308
2549,50385,72,19,6,1,1.0,0,air,oil,public,No,No,57,242308
1862,14385,159,25,6,3,1.0,1,air,gas,septic,No,No,51,82308
971,21538,136,9,7,3,2.5,0,air,gas,public,No,No,64,153769
162,12692,150,13,7,4,2.0,0,air,gas,public,Yes,No,54,138462
1942,7692,118,20,4,3,2.0,1,electric,electricity,public,No,No,64,163846
1295,12615,155,116,7,3,2.0,0,air,gas,public,No,No,51,256923
850,5615,113,129,7,3,1.0,0,water/steam,gas,public,No,No,54,86154
364,39538,208,1,8,3,3.0,0,air,gas,public,Yes,No,57,247905
2307,26846,192,35,6,4,2.5,1,air,gas,public,Yes,No,64,146154
283,10846,66,77,7,2,1.0,1,air,oil,septic,No,No,57,94615
4047,17692,71,29,6,2,1.0,0,electric,electricity,septic,No,No,35,130769
2023,21538,184,35,8,3,1.5,0,water/steam,gas,septic,No,No,64,112308
1052,3538,158,26,4,3,1.5,1,water/steam,oil,public,No,No,39,87692
2347,10231,127,36,4,3,1.0,1,air,gas,septic,No,No,54,115385
162,1846,141,130,8,3,1.0,0,air,gas,public,No,No,64,96154
2023,26538,182,35,7,4,2.0,0,air,gas,public,Yes,No,64,158846
2266,83769,198,0,9,4,2.5,1,air,gas,public,No,No,40,227635
567,2846,171,8,6,3,1.0,0,air,gas,public,No,No,23,109231
364,24000,190,12,7,4,2.5,1,air,gas,septic,Yes,No,52,179231
526,35769,255,6,11,4,2.5,1,air,gas,public,Yes,No,64,320769
1335,20769,187,17,6,3,3.0,1,electric,electricity,public,No,No,40,196154
1619,6154,223,38,6,3,1.5,1,air,gas,septic,Yes,No,40,166846
2307,25538,210,35,9,4,2.5,1,air,gas,public,Yes,No,77,196154
647,11615,148,18,8,3,1.5,0,electric,electricity,public,No,No,40,122308
16592,20462,237,15,7,3,2.5,0,water/steam,oil,septic,No,No,54,242308
22338,4538,98,20,7,2,1.0,0,electric,electricity,septic,No,No,36,111538
809,5923,111,55,4,2,1.0,0,air,oil,septic,No,No,63,73077
647,11615,110,18,3,2,1.5,0,electric,electricity,public,No,No,40,122308
1416,8077,97,22,8,3,1.0,0,electric,electricity,public,No,No,63,96154
486,68462,132,73,5,3,1.5,0,water/steam,gas,public,No,No,57,253846
2995,56769,203,14,7,3,2.5,1,air,gas,public,Yes,No,64,192231
688,4615,210,124,8,4,1.5,0,air,gas,public,Yes,No,54,116923
1902,12615,214,14,9,3,2.5,1,electric,electricity,septic,No,No,40,176923
1497,10000,185,19,5,2,1.0,0,electric,electricity,public,No,No,63,101923
364,769,82,57,7,3,1.0,0,air,gas,public,No,No,36,54231
2023,29077,220,9,11,4,2.5,1,air,gas,public,Yes,No,63,253769
647,11538,128,2,6,3,1.5,0,air,gas,public,No,No,36,111308
1093,6846,139,54,7,3,2.5,0,water/steam,gas,septic,No,No,71,106154
3278,16615,112,53,7,3,1.0,0,water/steam,gas,septic,No,No,64,145385
931,56154,116,53,4,3,1.0,0,water/steam,gas,public,No,No,57,128462
1862,12077,168,28,7,3,1.5,1,electric,electricity,septic,No,No,62,140769
1659,20538,122,14,8,3,1.5,0,air,gas,public,No,No,64,151538
526,14077,122,21,6,2,1.5,1,air,gas,public,Yes,No,63,123000
1093,60154,205,2,10,3,2.5,1,air,gas,public,Yes,No,57,282692
728,11538,78,2,6,1,1.0,0,air,gas,public,Yes,No,36,92231
1012,48462,268,0,11,3,2.5,1,air,gas,public,Yes,No,57,422503
486,150000,135,69,5,3,2.0,1,water/steam,gas,public,No,No,62,288462
971,6615,169,14,9,3,2.0,0,air,gas,public,No,No,40,205769
1619,11538,228,1,11,4,2.5,1,air,gas,public,No,No,63,156923
1578,65692,186,4,6,3,2.5,1,air,gas,public,Yes,No,62,317308
2752,10769,107,31,8,4,1.0,1,air,gas,septic,No,No,22,92308
971,1077,104,64,3,2,1.0,0,air,oil,septic,No,Yes,47,99923
1133,15077,146,27,4,3,2.5,0,water/steam,gas,public,No,No,63,126923
647,12077,92,19,4,2,2.0,0,air,gas,public,No,No,52,50000
2711,26231,215,40,10,5,2.5,1,water/steam,gas,public,No,No,64,203846
1942,24462,84,56,5,2,1.0,1,air,oil,septic,No,No,77,37990
1174,19231,138,5,5,3,3.0,0,water/steam,oil,septic,Yes,No,36,201538
567,16231,205,13,9,4,2.5,1,air,gas,septic,No,No,57,165385
283,12923,137,18,4,3,1.5,1,air,gas,public,Yes,No,64,80000
1255,28308,110,16,7,2,1.5,0,air,gas,public,No,No,63,138462
2954,12615,136,85,6,3,1.0,0,air,oil,septic,No,No,40,121538
607,12077,85,17,3,2,1.5,0,electric,gas,public,No,No,52,79154
486,68462,96,104,5,2,1.0,0,air,gas,public,No,No,57,196154
4047,38385,172,2,4,2,2.0,2,air,gas,septic,Yes,No,71,199923
405,65385,156,63,7,2,2.5,0,air,gas,public,Yes,No,57,152692
1457,20769,140,20,7,3,2.0,1,air,gas,public,No,No,54,153846
1862,11692,188,1,6,4,2.5,1,air,gas,septic,No,No,52,138385
1862,3400,83,17,3,2,1.0,0,water/steam,oil,public,No,No,20,63077
2023,3077,174,5,7,3,2.5,1,air,gas,public,No,No,40,200615
2307,11538,262,6,10,4,2.5,1,air,gas,public,No,No,57,224615
2145,24077,232,13,7,3,2.5,1,air,gas,septic,No,No,64,234615
526,1154,121,124,8,3,2.0,0,air,gas,public,No,No,38,58077
769,10231,100,19,7,3,1.5,0,electric,electricity,public,No,No,64,69154
1012,38462,87,32,8,3,1.0,1,air,gas,public,No,No,57,79346
1012,33846,138,39,4,3,1.5,0,air,gas,septic,No,No,57,164615
1214,18846,178,32,6,4,1.5,1,air,gas,public,Yes,No,64,179923
1659,1000,85,35,7,3,1.0,0,water/steam,oil,septic,No,No,50,103846
1295,32692,145,38,4,3,1.0,1,air,gas,septic,No,No,63,152308
3723,17154,151,1,6,3,2.0,0,air,gas,septic,No,No,51,92308
4047,20462,122,16,7,3,2.0,1,electric,electricity,septic,No,No,52,140000
2023,22308,193,29,7,4,2.5,1,water/steam,gas,public,No,No,64,140385
1335,20769,197,16,10,4,2.0,1,electric,electricity,public,No,No,54,157692
364,13538,120,24,3,2,1.5,1,air,gas,public,Yes,No,64,106923
647,12077,82,20,3,2,2.0,0,water/steam,gas,public,No,No,52,82692
2104,10000,149,18,4,3,2.5,0,electric,electricity,public,No,No,64,205000
3318,2846,227,12,6,3,2.5,0,air,gas,septic,No,No,44,186923
607,41538,119,103,3,2,1.0,1,water/steam,gas,public,No,No,57,78277
1335,20769,126,18,8,3,1.5,1,electric,electricity,public,No,No,40,171538
283,1385,137,16,4,2,2.5,1,air,gas,public,No,No,40,113846
2347,179231,267,1,9,4,2.5,1,air,gas,public,Yes,No,64,349181
1862,25154,162,36,6,4,1.5,0,air,gas,public,No,No,63,95385
445,66923,116,83,5,3,1.5,0,water/steam,gas,public,No,No,57,142308
607,11615,131,20,3,2,1.5,0,electric,electricity,public,No,No,40,123538
1457,9308,125,10,3,2,2.0,1,air,gas,public,Yes,No,52,121538
3844,28308,139,50,5,3,1.0,1,water/steam,oil,septic,No,No,63,80769
405,462,93,145,5,2,1.0,0,water/steam,gas,public,No,No,50,74615
769,14538,88,21,3,2,1.0,0,electric,electricity,public,No,No,63,95769
3480,3308,187,16,5,3,1.5,0,water/steam,oil,septic,No,No,36,156923
971,22692,148,18,4,3,2.0,1,air,gas,public,Yes,No,64,173077
405,13846,137,21,7,2,1.5,1,electric,electricity,public,No,No,64,127692
324,15692,140,18,7,2,1.5,1,air,gas,public,Yes,No,64,143077
2752,15308,165,16,7,4,2.0,0,air,gas,public,No,No,54,126154
1942,15769,129,73,5,3,2.0,0,air,oil,septic,No,No,52,103692
7365,100538,271,19,10,4,3.5,1,air,gas,public,Yes,No,63,326308
2549,18769,248,0,11,4,2.5,1,air,gas,public,Yes,No,64,202314
2914,31000,194,15,5,3,2.5,1,air,gas,public,Yes,No,64,180769
1700,23769,152,28,7,3,1.5,1,air,gas,public,Yes,No,63,145385
1497,18308,183,26,7,3,1.5,0,water/steam,gas,public,No,No,61,176846
2064,30077,219,7,8,4,2.5,1,air,gas,public,No,No,64,223077
850,14692,115,19,6,2,2.0,1,electric,electricity,public,Yes,No,63,120385
3116,29769,255,15,8,4,3.5,1,air,gas,public,Yes,No,63,230692
931,14846,86,18,7,2,1.0,1,electric,electricity,public,No,No,63,94231
2630,12692,231,27,7,4,2.5,1,air,gas,septic,No,No,62,200000
324,141000,207,46,9,4,2.0,1,air,gas,septic,No,No,62,209846
809,53846,119,50,10,5,2.0,0,water/steam,gas,public,No,No,62,183077
1012,4000,169,12,8,3,3.5,0,air,oil,septic,Yes,No,36,180769
1133,62154,149,29,6,4,1.5,0,air,gas,public,Yes,No,57,130769
10522,15538,205,10,7,3,2.5,1,air,oil,septic,No,No,57,92308
4047,96846,219,16,6,3,2.5,2,electric,electricity,septic,Yes,No,57,299231
1335,20769,145,18,4,3,1.5,1,electric,electricity,public,No,No,40,187692
850,82308,85,33,4,3,1.0,0,air,gas,public,No,No,62,165000
243,12615,137,19,4,3,1.5,0,electric,electricity,public,Yes,No,64,92308
1335,20769,204,16,7,3,2.5,1,electric,electricity,public,No,No,54,142308
1133,3692,145,12,8,3,1.0,1,air,gas,public,Yes,No,47,99923
1740,19231,143,16,6,3,1.5,0,air,gas,septic,No,No,40,176846
1659,20154,155,35,6,3,1.5,1,air,gas,public,Yes,No,64,135385
4047,2692,204,0,8,4,2.5,0,water/steam,gas,septic,No,No,44,167746
1457,28462,126,27,5,3,2.0,1,air,gas,public,Yes,No,63,134615
1497,18308,150,27,8,3,3.0,1,water/steam,gas,public,No,No,64,173515
1700,23769,171,35,7,4,1.5,0,air,gas,public,Yes,No,64,207692
1416,21385,154,40,8,3,1.0,1,water/steam,gas,public,No,No,64,167154
647,12077,84,19,6,2,1.0,0,air,gas,public,No,No,52,82462
11979,8462,138,19,8,3,1.5,0,electric,electricity,septic,No,No,57,165385
1174,7077,97,93,6,3,1.0,0,electric,electricity,septic,No,No,57,115385
1862,25154,135,32,7,4,2.0,1,air,gas,public,No,No,63,157769
567,15077,125,15,5,2,1.5,1,electric,electricity,public,Yes,No,64,103846
2307,19846,183,102,6,4,1.0,2,water/steam,oil,septic,No,No,77,138462
1862,3846,106,41,6,3,1.5,0,air,gas,septic,No,No,44,88385
1659,19538,207,17,7,3,2.5,1,water/steam,gas,public,No,No,64,138462
1174,15615,114,19,9,4,1.5,0,electric,electricity,public,No,No,64,92308
364,24615,87,11,3,1,1.0,0,electric,electricity,public,No,Yes,52,230769
1376,20846,168,42,6,4,1.5,0,water/steam,gas,septic,No,No,61,200000
2145,29846,223,11,11,4,2.5,1,air,gas,public,Yes,No,63,246923
1457,2769,89,48,3,2,1.0,0,air,gas,septic,No,No,36,105385
2185,23077,197,10,7,3,2.5,0,air,gas,public,Yes,No,40,239231
688,14385,121,18,4,2,1.5,0,electric,electricity,public,Yes,No,64,136923
364,13538,137,18,7,3,1.5,1,air,gas,public,Yes,No,64,101538
1174,18385,172,30,6,3,1.5,1,air,gas,public,Yes,No,64,156154
647,11615,110,19,8,3,1.5,0,water/steam,gas,public,No,No,52,84538
1376,20769,152,18,6,3,2.0,1,electric,electricity,public,No,No,52,132846
607,308,163,13,6,2,2.5,1,air,gas,public,Yes,No,47,223077
1093,2923,119,36,5,3,1.0,0,water/steam,gas,public,No,No,44,86154
607,11615,129,18,3,2,1.5,1,air,gas,public,No,No,40,114615
405,65385,138,79,5,4,1.5,0,air,gas,public,No,No,57,215385
162,19692,113,19,4,2,2.0,1,air,gas,public,Yes,No,62,156154
1700,13385,147,16,8,3,1.5,0,electric,electricity,septic,No,No,36,116923
364,13538,137,20,4,3,1.5,0,air,gas,public,No,No,64,111923
1335,20000,186,7,7,4,2.5,0,air,gas,public,No,No,64,200000
1700,46308,119,36,4,3,1.0,1,air,gas,public,No,No,57,102308
1700,67077,301,4,11,4,2.5,0,air,gas,public,Yes,No,57,329615
1012,38462,87,35,4,3,1.0,0,air,gas,public,No,No,62,123000
1376,17385,147,22,8,3,2.0,0,air,gas,public,No,No,64,176538
1942,21692,215,39,11,5,2.5,1,water/steam,gas,public,No,No,63,150000
2226,10615,132,20,6,3,2.0,1,air,gas,septic,No,No,52,109231
809,14615,115,19,7,2,2.0,1,electric,electricity,public,No,No,63,116154
3642,14615,97,48,3,2,2.0,1,air,gas,septic,No,No,71,83077
1214,40769,155,32,7,3,1.0,0,air,gas,public,No,No,62,134615
1457,10000,210,0,8,4,2.5,1,air,gas,septic,Yes,No,64,273125
3844,8615,153,15,7,3,2.0,0,electric,electricity,septic,No,No,62,173077
1376,23077,132,9,8,3,1.5,1,electric,electricity,public,Yes,No,40,176846
1174,17000,96,16,7,2,1.0,0,electric,electricity,public,No,No,64,65385
647,5538,163,165,5,3,1.0,0,air,gas,public,No,No,35,80769
3076,27154,164,38,5,3,2.0,0,water/steam,gas,public,No,No,64,180769
1416,179231,309,0,12,4,2.5,1,air,gas,public,Yes,No,63,273435
2347,60231,121,52,4,3,1.0,1,water/steam,gas,septic,No,No,57,184615
688,31154,178,9,5,3,2.5,1,air,gas,public,No,No,64,203846
2185,14538,203,11,11,4,2.5,0,air,gas,public,Yes,No,57,160000
3521,43308,171,12,6,4,1.5,1,air,gas,public,Yes,No,61,216923
1578,44923,230,14,7,4,3.5,1,air,gas,public,Yes,No,57,214615
971,12923,114,48,7,3,1.0,1,air,gas,public,No,No,51,96154
607,11615,112,18,4,2,1.5,0,electric,electricity,public,No,No,40,109000
647,11615,110,19,7,3,2.0,0,air,gas,public,No,No,51,120000
2145,50615,234,10,12,4,2.5,1,air,gas,public,Yes,No,63,331731
1497,3538,128,55,6,3,1.5,1,water/steam,oil,septic,Yes,No,36,135769
1376,38000,229,26,10,4,2.5,1,air,gas,public,Yes,No,57,160000
11331,21769,148,114,10,7,1.0,0,water/steam,oil,septic,No,No,36,100769
1295,26923,186,21,7,3,1.5,0,air,gas,public,Yes,No,63,143846
607,12000,84,17,7,2,1.0,0,electric,electricity,public,No,No,54,100000
1781,83769,305,1,10,4,2.5,1,air,gas,public,No,No,40,243927
2388,2385,87,10,6,3,1.0,0,air,gas,septic,Yes,No,44,84615
1174,35692,197,18,11,4,2.5,1,air,gas,public,Yes,No,62,265385
1740,4308,149,21,4,3,1.5,0,electric,electricity,public,No,No,39,80692
2104,3385,195,0,7,3,2.0,0,air,gas,septic,Yes,No,44,121538
3683,59385,232,17,7,4,3.0,1,water/steam,gas,public,Yes,No,64,276923
647,12077,85,20,4,2,1.5,1,electric,electricity,public,No,No,54,7923
647,74615,124,35,8,3,1.0,0,air,gas,public,Yes,No,62,140000
7001,8846,120,34,5,3,1.0,0,water/steam,oil,septic,No,No,50,153846
2873,27000,176,32,6,4,2.5,1,water/steam,gas,public,No,No,64,140385
1700,67077,209,4,9,3,2.5,1,air,gas,public,Yes,No,57,366154
2307,42000,218,10,10,3,2.5,0,air,gas,public,Yes,No,63,261462
1659,20846,182,32,8,4,2.5,0,air,gas,septic,Yes,No,71,150000
769,74846,158,3,4,2,2.0,0,water/steam,gas,septic,No,Yes,52,338462
1295,26923,221,28,10,4,1.5,1,electric,electricity,public,Yes,No,64,219231
2307,23923,175,8,7,3,2.5,1,air,gas,public,No,No,63,180000
2509,75385,207,1,10,3,2.5,0,air,gas,public,Yes,No,57,213954
607,11615,129,17,7,2,1.5,1,air,gas,public,Yes,No,52,90692
1821,24846,146,35,7,3,1.5,1,air,gas,public,No,No,64,123077
4047,12308,89,11,5,3,1.0,0,air,gas,septic,No,No,62,111538
243,12615,122,20,4,2,1.5,1,electric,electricity,public,Yes,No,64,128077
1659,19538,260,36,8,4,2.5,1,water/steam,gas,public,No,No,64,194353
4047,16692,177,25,8,3,2.0,0,electric,electricity,septic,No,No,54,203846
405,3923,150,17,8,3,2.0,0,air,gas,septic,No,No,36,158462
1376,71000,148,26,6,3,1.5,0,air,gas,public,Yes,No,57,167308
2185,23231,292,29,10,5,3.5,1,water/steam,gas,public,No,No,64,154615
2185,83769,257,1,9,4,3.0,1,air,gas,septic,No,No,40,230984
4047,16692,177,25,7,3,2.0,0,electric,electricity,septic,No,No,54,203846
3197,66846,227,11,11,4,3.0,1,air,gas,septic,No,No,75,315385
1902,19615,171,6,9,3,2.5,1,air,gas,public,No,No,64,157692
1133,49231,101,41,4,3,1.0,1,water/steam,gas,public,No,No,62,173462
364,63846,170,125,7,3,1.5,0,water/steam,gas,public,No,No,62,307615
243,35231,120,16,7,2,1.5,0,air,gas,public,Yes,No,62,156154
526,10538,140,15,6,3,1.5,0,air,gas,public,No,No,40,196154
567,71538,108,84,4,3,1.5,0,water/steam,gas,public,No,No,57,215385
2549,13769,89,11,5,2,2.0,0,water/steam,gas,public,No,No,54,115308
243,12615,137,19,5,3,1.5,0,electric,electricity,public,No,No,64,66923
243,12615,117,27,6,2,1.5,1,air,gas,public,Yes,No,64,142308
1093,39385,178,34,5,3,1.0,1,air,gas,public,Yes,No,62,129115
1295,8231,137,10,5,3,2.5,1,air,gas,public,Yes,No,54,129231
2185,23231,262,38,10,5,2.5,1,water/steam,gas,public,No,No,61,138462
1214,40769,119,34,5,2,1.0,0,air,gas,public,No,No,62,127077
2995,17692,274,17,12,5,2.5,1,air,gas,septic,Yes,No,57,292308
688,11692,110,21,4,3,2.0,0,electric,electricity,public,No,No,40,123000
607,11615,110,18,3,2,1.5,0,electric,electricity,public,No,No,54,94231
607,12077,84,20,7,2,1.0,0,electric,electricity,public,No,No,54,83846
364,13538,137,18,6,3,1.5,0,electric,electricity,public,Yes,No,63,110000
1902,15385,217,6,10,4,3.5,1,air,gas,public,Yes,No,64,215308
486,12923,125,17,6,2,2.5,1,air,gas,public,Yes,No,64,146077
607,14231,137,22,5,3,1.5,1,electric,electricity,public,Yes,No,63,111538
2792,64231,253,1,9,3,2.0,1,air,gas,septic,Yes,No,61,315038
1295,5000,151,30,4,2,1.5,1,water/steam,oil,septic,No,No,44,83077
647,12077,85,19,3,2,1.5,1,electric,electricity,public,No,No,40,113402
931,56769,308,5,12,4,2.5,1,air,gas,public,Yes,No,57,250000
1497,83769,252,0,10,4,3.0,1,air,gas,public,No,No,40,242262
647,17231,102,15,3,2,1.5,1,air,gas,public,Yes,No,64,101538
10562,12077,191,1,9,3,2.5,1,water/steam,oil,septic,No,No,27,226923
12140,41231,165,10,6,2,2.0,0,air,oil,public,Yes,No,52,257692
1376,10077,110,49,6,2,1.0,0,air,oil,septic,Yes,No,60,118462
445,14538,156,15,6,3,2.5,1,air,gas,septic,No,No,51,113077
243,35846,214,15,10,3,3.0,1,air,gas,public,Yes,No,57,288385
607,11615,109,22,6,3,1.5,1,electric,electricity,public,No,No,40,126846
890,5615,109,10,6,2,1.0,0,air,gas,public,No,No,51,78462
4047,12923,123,22,5,3,2.0,0,electric,electricity,septic,No,No,57,106154
2347,53462,225,20,9,3,2.5,1,air,gas,public,Yes,No,64,219154
324,28692,211,34,10,5,2.5,1,water/steam,gas,public,No,No,64,230769
688,11692,141,19,7,3,1.5,0,electric,electricity,public,No,No,51,131923
850,22154,110,17,4,2,1.5,1,air,gas,public,Yes,No,64,153769
1538,18615,215,32,11,5,2.5,1,water/steam,gas,public,No,No,61,222308
647,11615,139,16,8,3,2.5,1,electric,electricity,public,No,No,52,95000
1740,35231,225,41,7,4,2.0,2,water/steam,gas,public,No,No,61,191538
1214,18846,180,30,9,3,1.5,1,air,gas,public,Yes,No,64,151923
3035,2846,104,14,6,3,1.5,0,air,oil,septic,No,No,36,115385
688,42923,140,115,8,3,1.0,0,water/steam,gas,public,No,No,62,168077
3116,2308,74,50,7,2,1.0,1,water/steam,oil,septic,No,No,20,173077
2469,27000,166,36,7,4,1.5,1,air,gas,public,Yes,No,63,153750
688,12154,92,22,4,2,2.0,0,air,gas,public,No,No,51,122308
6637,19769,169,52,7,4,2.5,2,water/steam,gas,septic,No,No,52,176846
2064,57538,250,1,10,4,3.0,1,air,gas,public,Yes,No,62,241715
12140,3462,109,26,5,4,1.5,0,air,oil,septic,No,No,39,111538
1335,16462,171,37,7,3,1.0,1,air,gas,public,No,No,63,140000
16187,10769,205,20,10,4,2.0,1,water/steam,gas,septic,No,No,36,238462
3197,12385,195,26,10,4,2.5,1,electric,electricity,septic,No,No,62,176923
1538,29231,258,10,8,4,2.5,1,air,gas,public,Yes,No,64,207692
3602,23769,173,27,8,4,2.5,1,air,gas,public,Yes,No,64,173077
1619,83769,263,1,9,4,3.0,1,air,gas,public,Yes,No,40,221530
850,24615,225,1,9,3,2.5,0,air,gas,public,No,No,40,203077
971,46308,177,17,9,4,3.5,1,air,gas,public,Yes,No,62,373077
1416,6538,98,33,7,3,1.0,0,water/steam,oil,septic,No,No,62,95385
1335,20769,197,16,9,4,2.0,1,electric,electricity,public,No,No,54,157692
1376,14615,114,44,4,3,1.0,0,air,oil,septic,No,No,71,96154
1619,9231,203,6,10,3,2.5,1,air,gas,public,No,No,63,220769
1093,60615,181,50,7,3,2.5,1,air,gas,public,Yes,No,57,288462
607,12077,84,20,3,2,1.0,0,electric,electricity,public,No,No,54,83846
2266,23692,335,34,12,6,3.5,1,water/steam,gas,public,No,No,64,230769
931,55615,243,1,8,4,2.5,1,air,gas,septic,No,No,62,244854
2347,14615,152,14,9,4,1.5,1,air,oil,none,No,No,35,131538
1214,40769,127,33,8,3,2.0,1,air,gas,public,Yes,No,62,119231
1578,65692,186,3,6,3,2.5,1,air,gas,public,Yes,No,57,311615
1295,20769,120,18,4,3,1.0,0,electric,electricity,public,No,No,54,145308
1983,28385,241,17,12,4,2.5,1,air,gas,public,Yes,No,64,226923
1902,18923,114,28,6,2,1.0,0,electric,electricity,public,No,No,64,155385
2104,1923,152,10,8,3,2.0,0,air,gas,septic,No,No,38,138462
4411,17692,163,8,6,3,2.0,2,air,gas,septic,Yes,No,35,215769
2630,76538,244,4,8,4,2.5,1,air,gas,public,No,No,57,287077
243,12615,115,19,6,2,1.5,1,air,gas,public,Yes,No,64,75000
2509,44462,269,9,10,4,2.5,1,air,gas,public,Yes,No,64,316923
607,11615,129,16,4,2,1.5,0,electric,electricity,public,No,No,52,89154
2064,20692,123,11,8,3,2.0,0,air,gas,public,No,No,63,161538
3966,15077,123,35,3,2,1.0,0,electric,electricity,septic,No,No,52,103846
3723,4231,77,16,5,3,1.5,0,electric,electricity,septic,No,No,45,99115
607,1538,128,68,5,3,1.0,1,air,gas,public,No,No,44,58708
1497,1923,94,18,7,3,1.0,0,electric,electricity,septic,No,No,36,119231
2023,22308,210,20,11,4,2.5,1,water/steam,gas,public,No,No,64,196923
769,79231,87,123,7,2,1.0,0,water/steam,gas,public,No,No,57,115385
2064,19231,161,25,8,3,1.5,1,water/steam,gas,public,No,No,40,176154
1700,46308,106,44,8,3,1.5,0,air,gas,public,No,No,57,112308
2023,45385,225,19,8,4,2.5,1,air,gas,public,Yes,No,62,288462
1335,9154,163,14,8,4,2.0,0,air,gas,public,Yes,No,54,146077
243,1231,137,14,6,3,1.5,0,air,gas,public,No,No,52,80000
1862,25154,135,33,9,4,2.0,1,air,gas,public,Yes,No,64,184615
445,32308,186,15,8,3,2.5,1,air,gas,public,Yes,No,63,186154
243,1231,137,16,4,2,2.5,1,air,gas,public,Yes,No,40,100000
1295,37077,111,1,4,3,1.5,0,air,gas,public,Yes,No,57,121538
647,12077,85,18,3,2,1.5,1,electric,electricity,public,No,No,54,105385
2145,23000,215,38,10,5,2.5,1,water/steam,gas,public,No,No,61,196154
647,42231,148,38,4,3,1.5,0,air,gas,public,No,No,62,138462
324,769,143,9,7,3,1.5,0,air,gas,septic,Yes,No,36,129231
1942,37308,229,23,8,5,3.5,2,air,gas,public,Yes,No,64,188462
688,42923,223,93,11,4,1.5,1,air,gas,public,No,No,57,161538
3278,5615,213,0,8,3,2.5,1,air,gas,public,No,No,61,212231
162,1077,106,30,5,3,1.5,0,electric,electricity,public,No,No,33,45000
162,27692,131,103,3,2,1.0,0,air,gas,public,No,No,57,130000
2630,3077,190,2,8,4,2.5,0,air,oil,septic,No,No,27,168462
2307,33231,229,14,10,4,2.5,1,air,gas,public,Yes,No,63,200769
1255,20769,142,16,7,2,2.0,1,air,gas,public,Yes,No,54,133077
1335,27308,166,19,7,3,1.5,1,electric,gas,public,Yes,No,64,196154
971,37769,152,32,7,4,1.5,1,air,gas,public,Yes,No,57,119231
647,11615,139,18,6,3,2.5,0,electric,electricity,public,No,No,40,128846
3359,11308,219,6,8,4,2.5,1,air,gas,septic,Yes,No,60,196923
1781,10000,268,0,11,4,3.0,1,air,gas,public,No,No,63,269154
2509,4154,83,12,5,3,2.0,0,air,gas,septic,No,No,44,105000
1700,22615,178,32,5,3,1.5,1,air,gas,public,No,No,63,157692
1983,9154,111,83,6,3,1.0,0,air,gas,septic,No,No,45,69154
162,22154,143,6,8,3,2.5,0,air,gas,public,No,No,63,188462
607,11692,129,17,4,2,1.5,0,electric,electricity,public,No,No,52,95769
567,27077,197,0,10,3,2.5,1,air,gas,public,Yes,No,57,150298
1821,23077,145,30,5,4,2.5,1,air,gas,public,No,No,64,130769
2023,13462,195,0,8,4,2.5,1,air,gas,public,No,No,64,196346
2792,13000,145,15,6,3,2.0,1,air,gas,public,No,No,57,171154
364,13538,137,19,5,3,1.5,1,electric,electricity,public,No,No,64,80000
1700,1308,161,130,5,3,2.0,0,water/steam,oil,public,No,No,33,70923
2549,13615,148,20,6,3,2.0,1,water/steam,gas,septic,No,No,52,169231
1214,83769,220,1,7,4,3.0,1,air,gas,public,Yes,No,40,209768
1942,21692,247,32,11,4,2.5,1,water/steam,gas,public,No,No,64,147615
688,76154,264,144,7,3,1.5,1,water/steam,gas,public,No,No,57,398462
1862,18846,114,28,4,3,1.0,1,electric,electricity,public,No,No,61,150000
607,21923,116,10,7,3,1.5,0,air,gas,public,No,No,64,125231
1578,22769,167,38,10,4,1.5,1,air,gas,septic,No,No,64,127565
2792,26692,239,34,9,5,2.5,1,water/steam,gas,public,No,No,64,144538
2226,83769,252,1,12,4,3.0,0,air,gas,public,No,No,40,236838
364,4538,148,90,3,2,2.0,0,air,gas,public,No,No,40,153846
4047,89462,268,21,9,4,2.5,2,air,gas,public,Yes,No,64,290385
607,87692,156,1,4,2,2.5,1,air,gas,public,Yes,No,57,270308
567,15077,110,17,6,2,1.5,0,air,gas,public,Yes,No,63,136923
809,2615,114,77,8,3,1.0,1,air,gas,public,No,No,38,97692
1335,20769,140,17,6,3,1.5,1,electric,electricity,public,No,No,40,171538
1295,4769,146,1,7,3,2.5,0,air,gas,septic,Yes,No,39,114335
2792,16846,234,13,11,4,2.5,0,air,oil,septic,Yes,No,57,280769
647,11615,100,19,5,2,1.0,1,electric,electricity,septic,No,No,54,114615
1214,40769,148,31,7,3,1.5,1,air,gas,public,No,No,62,145385
2226,23462,155,36,8,3,2.0,1,water/steam,gas,public,No,No,64,121538
1700,20154,171,10,8,4,2.5,1,air,gas,septic,Yes,No,64,161154
1174,27077,117,15,7,2,1.5,0,air,gas,public,Yes,No,64,107615
607,16154,125,17,6,2,2.5,1,air,gas,public,Yes,No,63,140769
283,12923,137,21,6,3,1.5,0,electric,electricity,public,No,No,64,115385
23633,15385,271,12,9,3,2.5,1,air,gas,public,Yes,No,64,269231
3804,19385,183,33,8,4,2.5,1,water/steam,gas,septic,No,No,63,147692
809,80769,187,104,11,6,1.0,0,water/steam,gas,public,No,No,57,230769
1214,29462,106,76,5,3,2.0,0,air,gas,public,Yes,Yes,50,292308
19587,16538,185,3,8,3,3.0,1,water/steam,gas,septic,Yes,No,62,288462
243,1231,137,15,6,3,1.5,0,air,gas,public,Yes,No,54,102308
809,10769,91,24,3,2,2.0,0,electric,electricity,public,No,No,64,92308
1578,16769,114,52,6,3,1.0,1,air,oil,septic,No,No,60,117692
1781,25538,172,18,7,3,2.5,1,water/steam,gas,public,No,No,64,153000
2185,15692,218,1,10,4,2.5,0,air,gas,septic,Yes,No,62,332769
16187,4231,207,28,10,4,3.0,0,air,oil,septic,No,No,39,191385
3966,12385,141,96,7,4,2.0,0,water/steam,oil,public,No,No,54,96077
364,13538,120,26,3,2,1.5,1,air,gas,public,Yes,No,64,120000
647,11615,110,18,8,3,2.0,0,electric,electricity,public,No,No,40,128462
769,79231,72,55,6,2,1.5,0,air,gas,public,No,No,62,503846
607,12077,85,19,6,2,1.5,0,electric,electricity,public,No,No,54,73077
1862,46538,205,16,7,3,2.5,1,air,gas,public,Yes,No,64,190769
3440,31385,176,18,7,4,2.5,1,air,gas,public,Yes,No,64,215385
445,3000,123,29,5,3,3.0,0,electric,electricity,public,No,No,57,102308
567,40154,109,16,3,2,2.0,0,air,gas,public,No,No,57,115385
4047,2692,98,17,8,3,1.0,0,electric,electricity,septic,No,No,57,95385
1619,179231,279,1,11,4,2.5,1,air,gas,public,Yes,No,61,296846
3723,25154,211,16,10,4,2.5,1,water/steam,gas,septic,Yes,No,64,257692
1862,20231,149,30,5,4,2.5,1,water/steam,gas,public,No,No,64,132308
3723,15846,214,11,7,3,1.5,1,electric,electricity,septic,No,No,51,144231
1619,19231,180,25,8,4,2.5,1,water/steam,gas,public,No,No,63,207615
1983,22000,197,18,8,4,2.5,1,water/steam,gas,public,No,No,63,169154
1862,15154,134,23,5,3,1.5,0,air,oil,septic,No,No,64,89077
283,14538,156,15,9,4,1.5,1,electric,electricity,septic,No,No,51,90000
1781,14923,143,56,7,3,1.5,1,air,oil,septic,Yes,No,71,107692
2064,11615,215,22,10,3,1.5,0,air,gas,septic,No,No,62,188462
647,12077,85,20,6,2,1.5,1,electric,electricity,public,No,No,54,7923
2428,67692,362,13,12,5,4.5,2,water/steam,gas,public,Yes,No,64,317308
1942,21692,161,45,7,4,2.0,0,air,gas,public,No,No,64,173000
1497,18846,174,16,10,4,3.0,1,air,gas,public,No,No,63,173077
202,34615,133,125,5,4,1.0,0,water/steam,oil,public,No,No,62,99923
1862,1615,84,44,3,2,1.0,0,air,gas,septic,No,No,38,67346
1416,20769,162,20,4,2,2.0,0,electric,electricity,public,No,No,54,130769
1295,20769,154,18,4,3,1.5,1,air,gas,public,No,No,54,142231
1740,3769,89,39,6,3,1.0,0,air,gas,septic,Yes,No,38,97692
1255,16538,166,37,6,3,1.5,1,water/steam,gas,public,No,No,63,131923
607,5538,87,25,3,2,1.5,1,water/steam,gas,public,No,No,35,103846
1659,14385,181,15,7,3,1.5,1,air,gas,septic,No,No,35,150000
2509,11615,127,38,6,3,1.5,0,air,gas,septic,No,No,63,134538
4047,385,181,12,7,3,2.5,1,air,oil,none,No,No,36,155385
1942,8000,125,23,8,3,1.5,0,electric,electricity,public,No,No,64,107692
567,14154,137,20,8,3,1.5,0,electric,electricity,public,No,No,64,122308
4047,13538,144,19,4,3,2.0,1,electric,electricity,septic,No,No,57,106154
688,15692,136,9,8,3,2.0,1,air,gas,public,Yes,No,61,195769
607,14231,86,18,7,2,1.0,1,electric,electricity,public,No,No,63,80769
1538,11231,120,51,9,4,2.0,1,air,oil,septic,Yes,No,60,140385
11817,15385,252,1,10,3,2.5,1,air,gas,septic,Yes,No,36,319231
2428,22154,239,28,12,5,2.5,1,water/steam,gas,public,No,No,64,202308
728,2385,134,71,8,3,1.5,0,air,gas,public,No,No,36,111538
1335,17308,195,32,11,5,1.5,1,water/steam,gas,public,No,No,63,126923
2226,3385,186,0,7,4,2.5,0,air,gas,public,No,No,52,143077
5139,26308,172,27,8,3,1.5,1,water/steam,oil,septic,No,No,60,186154
1174,3000,84,83,7,4,1.0,0,air,gas,public,No,No,44,69231
17037,54154,205,38,8,3,2.0,2,water/steam,oil,septic,No,No,51,184615
1457,8077,123,22,4,3,1.0,0,electric,electricity,public,No,No,64,107615
1255,110154,256,32,10,4,2.5,1,air,gas,public,Yes,No,62,288462
1538,1308,97,15,3,2,1.0,0,electric,electricity,septic,No,No,38,106154
364,19615,145,15,7,2,2.5,0,air,gas,public,No,No,63,137692
2752,19923,109,54,8,3,2.0,0,air,oil,public,No,No,47,134615
1862,18000,155,15,5,4,1.0,0,air,oil,septic,No,No,51,134615
1295,20769,164,17,9,5,2.0,1,water/steam,gas,public,No,No,54,138462
931,6385,146,25,5,4,1.5,1,air,gas,public,Yes,No,52,107692
364,1846,137,15,7,3,1.5,1,water/steam,gas,public,No,No,52,69308
13274,30692,177,11,9,3,2.5,1,air,oil,septic,Yes,No,43,257692
1052,538,170,15,8,2,2.5,1,air,gas,public,Yes,No,47,197692
647,38769,161,28,6,3,1.5,0,air,gas,public,No,No,57,109231
607,11615,129,17,4,2,1.5,0,electric,electricity,public,No,No,54,95000
971,37769,127,30,5,3,1.0,0,air,gas,public,No,No,62,130369
567,231,121,9,8,3,1.5,0,air,oil,septic,No,No,41,97692
2509,44462,269,7,11,4,2.5,1,air,gas,public,Yes,No,64,269154
688,12154,85,19,6,2,1.5,0,electric,electricity,public,No,No,52,77385
2388,3385,98,37,6,3,1.0,0,air,gas,septic,No,No,36,123846
2185,4077,178,41,8,4,2.5,1,air,gas,septic,No,No,38,100769
850,6538,86,82,6,2,1.0,0,water/steam,oil,septic,No,No,35,46154
1862,43538,229,30,10,5,2.5,1,air,gas,public,Yes,No,62,272308
688,12154,85,20,6,2,1.5,0,electric,electricity,public,No,No,40,108585
12788,18538,94,15,7,2,1.0,0,electric,electricity,septic,No,No,52,131538
2226,23462,239,34,12,4,2.5,1,water/steam,gas,public,No,No,64,150000
1902,14462,222,18,11,6,3.0,0,water/steam,oil,septic,No,No,27,143846
647,12077,85,20,3,2,1.5,0,electric,electricity,public,No,No,54,80769
1619,8077,122,103,7,3,1.5,0,water/steam,gas,septic,No,No,51,47692
2023,28462,178,15,7,4,2.5,1,air,gas,public,No,No,64,165385
1862,12385,236,3,10,4,2.5,1,air,gas,public,No,No,64,270077
3197,13769,148,17,8,3,2.0,1,air,oil,septic,Yes,No,57,155769
1497,28846,157,26,8,3,1.5,1,air,gas,public,Yes,No,64,117308
2064,26615,153,33,8,3,1.5,0,air,gas,public,Yes,No,64,119154
1174,7462,100,14,7,2,1.0,0,air,gas,public,Yes,No,40,123077
1700,9423,120,21,6,3,1.5,0,electric,electricity,public,No,No,64,135385
647,12077,85,19,6,2,1.5,0,electric,electricity,public,No,No,52,59615
1862,21077,178,37,9,5,2.5,1,water/steam,gas,public,No,No,63,174615
1255,19308,190,33,9,4,1.5,0,air,gas,public,No,No,64,205385
1255,15077,86,17,6,2,1.0,1,electric,electricity,public,No,No,64,70769
4047,24615,181,12,9,3,2.0,2,air,oil,septic,No,No,71,137308
14892,20923,189,14,9,3,2.0,1,water/steam,oil,septic,No,No,36,267692
405,4615,81,25,5,3,1.0,1,electric,electricity,public,No,No,40,230000
1457,20769,140,20,8,3,2.0,1,air,gas,public,No,No,54,153846
1497,20769,144,18,5,3,2.0,1,air,gas,public,Yes,No,52,131538
1902,10846,169,15,7,3,2.0,1,air,gas,septic,No,No,57,150000
1376,14615,118,50,5,3,1.5,1,water/steam,gas,septic,No,No,52,134538
1214,26154,213,15,8,3,2.5,1,air,gas,public,Yes,No,64,229154
607,12077,85,18,4,2,2.0,0,electric,electricity,public,No,No,52,71154
647,12077,84,18,4,2,1.0,0,electric,gas,public,No,No,40,114538
364,63846,145,82,6,2,1.0,0,air,gas,public,No,No,57,215385
3885,6692,129,45,5,3,1.0,0,air,gas,septic,No,No,62,153846
4047,21000,281,153,12,4,1.0,0,air,oil,septic,No,No,51,60385
1174,15000,128,23,4,2,1.5,0,air,gas,public,No,No,64,119231
3237,13846,231,28,7,4,2.5,1,air,gas,septic,No,No,57,157692
2023,22308,187,30,10,4,2.5,1,water/steam,gas,public,No,No,63,169231
162,27692,156,18,6,2,2.5,1,air,gas,public,Yes,No,62,292308
728,43615,155,140,8,3,1.0,0,air,gas,public,No,No,62,203846
4047,13692,189,7,7,4,2.5,1,water/steam,gas,septic,No,No,54,188462
3683,15538,155,19,8,4,3.0,1,air,gas,septic,Yes,No,71,130692
607,11538,127,3,8,3,1.5,0,air,gas,public,Yes,No,36,107308
243,12615,137,21,8,3,1.5,0,air,gas,public,No,No,61,133846
1416,20769,162,20,6,2,2.0,0,electric,electricity,public,No,No,54,130769
1983,49538,118,30,4,3,1.0,0,air,gas,public,No,No,57,92308
1862,25154,179,36,9,4,1.5,1,air,gas,public,Yes,No,63,138462
607,11615,156,17,7,2,1.5,0,electric,electricity,public,No,No,54,94615
3035,1308,118,3,7,3,1.5,0,air,gas,septic,No,No,38,128385
647,12000,84,17,4,2,1.0,0,electric,electricity,public,No,No,54,96923
931,14846,116,30,8,3,1.5,0,air,gas,public,No,No,63,125385
728,5769,88,154,5,2,1.5,0,air,oil,septic,No,No,54,61462
607,14231,86,20,7,2,1.0,0,water/steam,gas,public,No,No,63,90769
364,15769,118,18,4,3,1.5,1,electric,electricity,public,Yes,No,64,119231
1781,10000,268,0,12,4,3.0,1,air,gas,public,No,No,63,269154
769,5231,121,15,4,3,1.5,0,air,gas,public,No,No,40,130000
445,38769,98,80,6,2,1.0,0,water/steam,gas,public,No,No,57,128462
688,89769,326,1,12,4,2.5,1,air,gas,public,No,No,64,390769
688,76154,91,44,8,3,2.0,0,water/steam,gas,public,No,No,57,153846
2226,19462,295,14,12,4,3.5,1,air,gas,public,Yes,No,57,214615
3723,6692,103,28,8,3,1.0,0,air,oil,septic,No,No,54,129231
283,12923,137,21,8,3,1.5,1,air,gas,public,No,No,64,125185
1538,10000,271,0,10,4,3.0,1,air,gas,septic,Yes,No,64,339046
607,4154,96,14,3,2,1.5,0,water/steam,gas,public,Yes,No,40,106846
283,37077,162,15,5,3,2.5,1,air,gas,public,Yes,No,62,238269
4047,20538,254,11,11,3,2.5,0,air,gas,public,Yes,No,63,255385
688,169231,311,169,12,6,2.5,2,water/steam,gas,public,No,No,57,238462
2023,50000,179,0,7,3,2.0,1,air,gas,public,No,No,62,276846
850,2692,86,54,7,2,1.0,0,air,gas,public,No,No,38,80535
1659,5538,77,35,8,3,1.0,0,air,oil,public,No,No,64,136277
3521,69846,283,25,11,4,1.5,1,water/steam,gas,septic,No,No,57,230769
1659,14385,181,13,5,3,1.5,1,air,gas,septic,No,No,51,119231
647,11615,110,21,3,2,1.5,0,electric,electricity,public,No,No,40,127615
607,12077,85,18,5,2,1.5,0,electric,electricity,public,No,No,54,116923
4047,98846,203,14,10,3,2.5,0,air,gas,none,Yes,No,62,439231
1983,22000,174,30,6,3,2.5,1,water/steam,gas,public,No,No,64,154923
405,20000,156,14,5,3,2.5,1,air,gas,public,Yes,No,64,111462
1093,3538,162,27,7,3,1.0,0,air,oil,public,No,No,50,159231
2469,24846,253,34,10,4,2.5,1,water/steam,gas,public,No,No,64,223077
3237,27308,175,38,9,4,2.5,1,water/steam,gas,public,No,No,64,145385
1983,48308,194,19,8,4,2.5,1,air,gas,public,Yes,No,64,215308
1012,38462,87,32,8,3,1.0,0,air,gas,public,No,No,57,93077
2226,14846,124,11,7,3,2.0,1,air,gas,public,Yes,No,57,142308
607,41538,152,0,7,3,2.5,1,air,gas,public,Yes,No,57,153951
1902,8231,97,12,5,3,1.0,0,air,gas,septic,Yes,No,36,111538
4856,13769,104,42,6,2,1.5,0,air,oil,septic,No,No,62,148077
607,161538,135,103,7,2,1.5,0,water/steam,gas,public,No,No,57,184615
3723,19231,110,19,4,3,1.0,0,air,oil,septic,No,No,40,128846
1133,8154,125,16,7,3,1.5,0,air,gas,septic,No,No,57,69231
3521,31615,206,10,10,3,2.0,1,air,gas,public,No,No,63,209231
4047,33769,240,9,12,4,2.5,1,air,oil,septic,No,No,64,180769
607,11615,129,17,7,3,1.5,0,electric,electricity,public,No,No,54,111538
1983,49538,169,17,5,3,2.5,1,electric,electricity,public,Yes,No,57,150000
2104,6154,87,59,4,2,1.0,0,air,oil,septic,No,No,20,15385
1942,29077,224,10,11,4,2.5,1,air,gas,public,Yes,No,64,207692
1052,7000,231,7,8,4,2.5,1,air,gas,public,Yes,No,61,247692
2226,38692,205,33,9,4,2.5,1,air,gas,public,Yes,No,64,246154
1255,62000,178,5,6,3,2.5,1,air,gas,public,Yes,No,62,323846
647,12077,85,17,5,2,1.5,1,electric,electricity,public,No,No,52,80769
607,11615,155,18,5,2,2.0,0,electric,gas,public,No,No,40,111154
1376,20769,140,21,4,3,1.5,0,electric,electricity,public,No,No,51,163077
1578,83769,245,1,9,4,3.0,1,air,gas,public,No,No,40,263284
688,12154,85,18,3,2,2.0,0,electric,electricity,public,No,No,52,77692
4047,6385,105,27,7,2,1.0,0,air,oil,septic,No,No,38,128846
1619,11538,228,1,10,4,2.5,1,air,gas,public,No,No,63,156923
1700,19846,215,27,10,4,2.5,1,water/steam,gas,public,No,No,64,200000
2347,19231,121,25,8,3,2.0,0,electric,electricity,public,No,No,64,106923
5018,19077,113,51,4,2,1.0,2,water/steam,oil,septic,No,No,71,100000
567,34769,184,1,5,3,2.5,1,air,gas,public,Yes,No,64,158446
971,58000,188,4,7,3,2.5,1,air,gas,public,Yes,No,62,307692
5180,26615,174,84,7,4,1.0,0,electric,oil,septic,Yes,No,63,153846
2590,12615,241,37,9,3,1.5,1,water/steam,oil,septic,No,No,64,128846
1862,28000,177,16,6,4,2.5,1,air,gas,public,Yes,No,64,240385
1862,21077,234,36,10,4,2.5,1,water/steam,gas,public,No,No,64,146154
1295,83769,244,1,10,4,3.0,1,air,gas,public,No,No,40,218919
2185,23231,202,19,10,4,2.5,1,water/steam,gas,public,No,No,64,211538
4047,18692,275,0,10,4,2.5,1,air,gas,septic,Yes,No,64,279008
1740,24154,178,33,10,4,1.5,1,air,gas,public,Yes,No,64,150769
486,14000,114,19,6,2,2.0,1,water/steam,gas,public,Yes,No,63,119231
1821,19231,165,16,9,3,1.5,1,air,gas,septic,No,No,40,194615
2145,50615,190,19,10,4,2.5,1,air,gas,public,Yes,No,63,184538
1174,19231,129,2,5,3,2.5,0,air,gas,septic,No,No,44,136846
3764,29462,126,13,8,3,1.0,0,air,gas,septic,No,No,64,126923
1538,44462,155,34,5,4,1.5,1,air,gas,public,No,No,62,115385
2104,3462,78,13,4,2,1.0,0,air,gas,septic,No,No,38,71161
8094,28154,205,35,8,4,1.5,1,electric,electricity,septic,No,No,52,292308
607,87692,152,0,4,3,2.5,1,air,gas,public,Yes,No,57,201645
607,11615,110,20,3,2,1.5,0,electric,electricity,public,No,No,40,111538
2995,2077,82,95,2,1,1.0,0,air,oil,septic,No,No,50,85385
1902,12692,239,6,12,4,2.5,0,air,gas,public,No,No,63,253846
1457,10000,174,13,9,3,2.5,1,water/steam,gas,septic,No,No,64,219231
1821,19231,121,16,4,3,1.5,0,air,gas,septic,No,No,40,167692
647,11615,129,17,7,2,1.5,1,electric,electricity,public,No,No,54,101231
3116,36154,161,44,9,3,2.0,1,air,oil,septic,Yes,No,63,193077
1457,28538,162,1,5,3,2.5,0,air,gas,public,No,No,64,132885
931,6231,125,135,5,3,1.0,0,water/steam,gas,public,No,No,52,103846
728,2385,120,70,4,3,1.0,0,air,gas,public,No,No,38,92308
1174,22308,237,5,12,4,2.5,1,air,gas,public,Yes,No,64,201538
4613,63154,305,6,11,4,3.0,1,air,gas,public,Yes,No,63,323077
4047,3846,226,27,9,4,1.0,0,electric,electricity,septic,Yes,No,50,163077
1619,13846,62,50,5,2,1.0,0,electric,electricity,public,No,No,52,80769
4047,53538,185,49,9,3,2.0,1,air,oil,septic,No,No,60,196154
1740,40154,194,10,9,4,2.5,1,air,gas,public,Yes,No,82,163462
1174,40308,154,32,7,4,1.5,1,air,gas,public,No,No,57,136846
2671,58308,268,9,11,4,2.5,1,air,gas,public,No,No,64,349923
971,37769,127,33,7,3,1.0,0,air,gas,public,No,No,57,96154
607,12000,84,17,5,2,1.0,0,electric,electricity,public,No,No,54,100000
1659,231,101,9,8,3,2.0,0,air,gas,septic,No,No,38,119231
4047,19231,391,25,12,5,3.5,2,water/steam,gas,septic,No,No,57,334615
3561,27615,239,33,10,4,2.5,1,water/steam,gas,public,No,No,64,147308
931,192308,156,52,4,2,1.5,1,water/steam,gas,public,No,No,57,262308
1335,37538,185,16,6,3,2.5,1,air,gas,public,Yes,No,62,207692
1416,9231,124,22,4,2,1.5,1,electric,electricity,septic,Yes,No,62,103846
1497,18846,93,37,6,3,1.0,1,water/steam,gas,public,No,No,63,130769
2428,12308,213,19,7,4,2.5,1,air,gas,septic,Yes,No,57,146154
4047,19000,261,25,11,3,1.0,0,air,oil,septic,No,No,35,48077
2226,55385,209,14,7,3,2.5,1,air,gas,public,Yes,No,64,211538
486,39462,176,113,8,4,1.5,0,water/steam,oil,public,No,No,57,253846
2145,50615,249,15,10,4,2.5,1,air,gas,public,Yes,No,64,188462
7851,16308,132,4,6,3,1.5,0,air,gas,none,No,No,44,94538
8215,7846,142,30,8,3,1.5,1,electric,electricity,septic,No,No,36,169231
2064,30462,187,15,7,3,2.5,1,air,gas,public,Yes,No,64,158462
1700,20154,133,10,5,3,2.0,1,air,gas,septic,Yes,No,64,126923
647,12077,85,20,7,2,1.5,0,electric,electricity,public,No,No,54,88462
1619,231,145,11,7,3,1.5,0,air,gas,septic,No,No,36,127692
1578,18923,161,29,7,4,2.5,1,water/steam,oil,public,No,No,63,157615
3399,159769,198,25,7,3,2.5,2,air,gas,public,Yes,No,57,174615
1416,83769,231,1,10,3,2.5,1,air,gas,public,No,No,40,249045
2388,13308,175,0,9,4,2.5,1,air,gas,septic,No,No,52,130692
1821,19231,109,16,5,3,1.0,1,air,gas,septic,No,No,40,142308
1578,40308,170,17,7,3,2.5,1,air,gas,public,Yes,No,62,226923
607,29846,167,37,6,3,2.0,0,water/steam,oil,septic,No,No,64,181538
283,37077,162,14,9,3,2.5,1,air,gas,public,Yes,No,57,205385
2549,30077,166,21,9,3,1.5,0,electric,electricity,public,Yes,No,64,165385
3723,2000,148,11,6,2,2.0,1,air,oil,septic,Yes,No,36,196538
5746,37154,235,32,7,3,2.0,1,air,gas,septic,Yes,No,64,153077
607,11615,105,18,3,2,1.5,0,electric,electricity,public,No,No,40,119231
1942,19077,130,28,6,3,1.5,1,electric,electricity,public,No,No,64,136923
1376,61538,202,41,8,4,2.5,1,electric,electricity,septic,Yes,No,62,276923
1012,38462,119,32,8,3,1.0,0,air,gas,public,No,No,57,128462
2752,22077,168,29,8,3,1.5,1,air,oil,septic,No,No,60,173077
931,5923,137,11,8,3,2.5,1,air,gas,public,No,No,40,170000
1862,21077,221,21,9,3,2.5,1,water/steam,gas,public,No,No,64,238462
486,14000,86,19,7,2,1.0,0,air,gas,public,Yes,No,64,61462
8336,4538,169,16,5,3,2.5,1,air,gas,septic,No,No,39,138462
1457,4000,149,16,4,3,1.5,0,electric,electricity,public,No,No,39,69538
445,2231,137,16,4,2,2.5,0,air,gas,public,No,No,40,117692
2833,3538,118,84,6,4,1.0,1,water/steam,oil,septic,No,No,36,123000
1174,24154,239,13,10,4,2.5,1,air,gas,public,Yes,No,64,188462
2023,30923,156,5,4,3,2.5,1,air,gas,public,Yes,Yes,57,245385
1335,20769,140,17,8,3,1.5,1,air,gas,public,No,No,52,103846
688,3154,139,105,6,3,1.0,0,air,oil,septic,No,No,64,92308
1659,34077,222,17,11,4,2.5,1,electric,electricity,public,Yes,No,64,180769
1295,3577,89,15,4,3,1.0,0,electric,electricity,public,No,No,61,132000
2023,15231,101,37,5,3,1.0,0,water/steam,oil,septic,No,No,64,104615
2873,27000,168,36,7,4,2.5,1,water/steam,gas,public,No,No,63,163077
971,6154,145,13,5,3,2.0,0,air,gas,public,No,No,40,153769
2023,22308,153,19,6,3,2.0,1,water/steam,gas,public,No,No,63,142308
1335,20769,235,16,10,3,1.5,0,electric,electricity,public,No,No,54,173077
2671,24692,188,15,9,4,2.5,1,water/steam,gas,public,No,No,64,147308
769,7000,59,44,6,2,1.0,0,electric,electricity,septic,No,No,20,61462
2711,55692,213,8,9,4,3.0,1,air,gas,public,Yes,No,64,184615
4209,148385,384,10,12,3,3.5,2,air,gas,septic,Yes,No,57,499231
3844,7308,137,13,4,3,2.0,1,air,gas,septic,Yes,No,51,127692
2023,3077,177,8,6,3,1.5,0,air,gas,public,No,No,40,176923
2104,22769,215,38,9,5,2.5,1,water/steam,gas,public,No,No,64,166077
2711,16231,107,56,3,1,2.0,0,air,gas,septic,No,No,64,104231
2104,10769,155,34,8,3,1.5,0,water/steam,oil,septic,No,No,63,115385
1497,33077,242,18,8,4,2.5,1,air,gas,septic,Yes,No,64,169231
2792,33615,236,3,11,4,2.0,1,air,gas,public,Yes,No,64,273077
1862,54000,80,44,7,2,1.0,0,air,gas,public,No,No,57,137692
2428,24615,252,35,12,5,2.5,2,water/steam,gas,public,No,No,64,184615
1862,18846,114,28,6,3,1.0,1,electric,electricity,public,No,No,61,150000
1052,23154,148,16,6,3,2.0,1,air,gas,public,Yes,No,64,134615
1052,48692,162,123,6,4,1.0,0,air,gas,public,No,No,57,92308
1376,20769,147,26,5,3,1.5,1,air,gas,public,No,No,40,170769
364,12154,176,48,7,4,2.0,1,air,oil,septic,Yes,No,60,153077
1862,28154,196,13,8,4,3.5,1,air,gas,public,Yes,No,64,190000
1255,8000,125,12,5,2,2.0,0,air,gas,public,No,No,40,149215
526,11538,78,0,7,2,1.5,0,air,gas,public,No,No,51,72158
526,14077,117,25,5,2,1.5,1,air,gas,public,Yes,No,64,86154
2266,23692,175,27,8,4,2.5,1,water/steam,gas,public,No,No,64,139615
1942,44462,216,25,10,3,1.5,1,water/steam,gas,public,No,No,57,159231
1862,46538,230,4,10,4,2.5,1,air,gas,public,Yes,No,61,259231
3561,7692,145,16,8,3,1.5,1,electric,electricity,septic,Yes,No,22,88462
2752,44000,286,9,12,4,2.5,1,air,gas,public,Yes,No,64,291538
1740,2077,229,53,10,4,2.0,1,air,oil,public,No,Yes,39,351538
243,27615,160,26,8,3,2.0,1,air,gas,public,Yes,No,64,158385
647,12077,85,20,3,2,1.5,0,electric,electricity,public,No,No,51,114846
202,12308,137,19,6,3,2.5,0,air,gas,public,Yes,No,64,126923
1862,10615,137,20,8,3,2.0,1,air,gas,septic,No,No,57,140385
1740,19231,121,15,7,3,1.5,0,air,gas,septic,No,No,54,155385
1255,20769,142,16,7,2,2.0,1,electric,electricity,public,No,No,52,115769
647,41385,129,18,6,2,1.5,0,air,gas,public,Yes,No,57,153842
2630,25769,242,19,11,4,2.5,1,water/steam,gas,public,No,No,61,230769
2469,24846,215,41,7,4,2.5,1,water/steam,gas,public,Yes,No,64,149615
1457,24769,106,103,8,3,1.0,0,air,oil,septic,No,No,64,92308
2104,3462,125,12,7,2,2.0,1,air,gas,septic,No,No,44,115385
567,16154,137,16,5,2,2.0,1,electric,electricity,public,Yes,No,64,88462
2428,54615,251,20,10,4,2.5,3,air,gas,public,Yes,No,64,242308
567,16154,127,19,5,2,1.5,1,air,gas,public,Yes,No,63,137692
243,12615,135,27,5,3,1.5,1,air,gas,public,Yes,No,64,130692
2266,26769,155,38,8,3,1.5,1,air,gas,public,No,No,63,136581
1376,2692,89,41,7,3,1.0,0,air,gas,septic,No,No,36,124462
1902,19615,175,7,8,4,2.5,1,air,gas,public,Yes,No,64,153000
1012,11538,98,6,4,2,1.5,0,air,gas,public,No,No,35,115700
1942,19538,157,39,6,3,2.0,1,water/steam,gas,public,Yes,No,63,155385
3237,13923,229,134,12,5,2.5,2,air,gas,septic,No,No,60,250000
1821,6923,166,35,10,4,1.0,0,air,gas,septic,No,No,40,141538
688,28923,135,19,5,2,1.5,0,air,gas,public,No,No,57,130000
243,22154,150,18,8,3,1.5,0,air,gas,public,No,No,57,101538
1862,68923,238,0,9,3,2.5,1,air,gas,public,Yes,No,57,207692
1174,27538,158,4,7,3,2.5,1,air,gas,public,Yes,No,63,153846
2469,54769,275,8,10,4,2.5,1,air,gas,public,Yes,No,63,306154
607,2000,93,67,6,3,1.0,0,water/steam,oil,public,No,No,20,65822
1174,20231,179,21,8,3,1.5,0,air,gas,public,No,No,63,140000
526,16077,140,18,3,2,1.5,1,electric,electricity,public,Yes,No,64,138462
647,11615,100,25,4,2,1.0,1,air,gas,public,Yes,No,54,100000
1862,21077,205,11,10,4,2.5,1,air,oil,public,Yes,No,63,199923
1862,68923,237,0,7,3,2.5,1,air,gas,public,Yes,No,57,190938
243,2769,125,54,7,5,1.0,0,electric,electricity,public,No,No,54,110769
202,24615,172,6,8,3,2.5,0,electric,electricity,public,Yes,No,57,135731
1862,48154,149,35,6,4,2.0,0,air,gas,public,Yes,No,62,173077
1012,38462,121,35,4,3,2.0,0,air,gas,public,No,No,62,131642
4047,16462,237,19,8,4,2.5,1,electric,electricity,septic,Yes,No,64,282308
1335,42154,127,34,6,2,1.0,0,air,gas,public,No,No,57,73077
486,83308,143,4,8,3,2.5,0,air,gas,public,Yes,No,57,230769
647,48154,232,0,8,3,2.5,0,air,gas,public,Yes,No,57,215385
2388,118308,281,0,9,4,2.5,1,air,gas,public,Yes,No,64,278738
1740,30000,216,7,7,4,2.5,1,air,gas,public,Yes,No,64,273077
1416,10000,159,9,8,3,2.5,0,water/steam,gas,septic,No,No,64,107692
1619,23077,229,32,9,5,2.5,1,air,gas,public,Yes,No,64,144538
486,14000,133,31,8,3,1.5,0,air,gas,public,Yes,No,63,93846
607,11615,148,18,7,3,1.5,0,electric,electricity,public,No,No,40,126923
971,37769,127,29,5,3,1.0,0,air,gas,public,No,No,57,122615
1740,24154,247,29,9,5,2.5,1,air,gas,public,Yes,No,64,144231
1416,18077,98,37,4,3,1.0,0,water/steam,gas,public,No,No,64,143077
486,68462,120,50,3,2,1.0,0,water/steam,gas,public,No,No,57,105385
1983,19231,148,15,7,3,1.5,1,air,gas,septic,No,No,54,161538
688,3538,135,29,6,3,2.0,0,air,oil,public,No,No,57,118462
1497,10000,185,19,4,2,1.0,0,electric,electricity,public,No,No,63,101923
647,12077,92,19,5,2,2.0,0,electric,electricity,public,No,No,54,67692
324,24615,217,0,9,4,2.5,0,air,gas,public,No,No,52,154338
2145,51154,103,35,3,2,1.0,0,air,gas,public,Yes,No,62,142308
1416,21385,167,42,9,4,1.5,1,air,gas,septic,Yes,No,64,176923
647,11615,148,17,5,3,1.5,0,electric,electricity,public,No,No,54,106077
2266,29154,274,0,12,4,2.5,1,air,gas,public,No,No,64,280769
1457,41462,220,2,11,5,2.5,1,air,gas,public,Yes,No,63,220769
2549,75769,213,0,11,4,2.5,1,air,gas,public,Yes,No,57,191150
3764,3462,114,18,3,2,2.0,0,electric,electricity,septic,No,No,44,87231
1133,5692,241,124,12,4,1.5,0,air,gas,public,No,No,36,149746
1862,14462,156,19,7,3,2.0,1,air,gas,septic,No,No,35,155292
15378,11077,141,19,3,2,1.0,0,water/steam,oil,septic,No,No,57,160769
2428,70462,233,21,8,4,2.5,1,air,gas,septic,Yes,No,63,227385
1133,39846,118,33,6,3,1.0,0,air,gas,public,No,No,62,122308
1862,10615,176,27,9,3,2.5,0,air,gas,septic,Yes,No,62,161538
405,38077,75,115,4,2,1.0,0,air,gas,public,No,No,62,128077
647,35538,417,176,12,6,4.0,1,water/steam,gas,public,No,No,51,325138
243,35231,120,15,5,3,1.5,1,air,gas,public,No,No,57,126923
1740,24154,150,37,7,3,1.5,1,air,gas,public,No,No,63,137692
526,5692,128,0,4,3,2.0,0,air,gas,public,No,No,36,93058
3521,83769,303,0,10,4,2.5,1,air,gas,public,No,No,40,273723
567,15077,125,18,4,2,1.5,1,air,gas,public,Yes,No,64,141425
728,2769,90,85,4,2,1.0,0,air,oil,septic,No,No,64,115385
2914,20000,281,21,11,4,2.5,1,electric,electricity,public,No,No,28,287692
1942,28538,298,4,9,4,2.5,1,air,gas,public,Yes,No,63,276154
3966,8615,239,16,10,3,1.5,0,water/steam,oil,septic,No,No,36,146077
1376,3846,170,15,6,3,2.5,1,air,gas,septic,Yes,No,38,150000
1983,37538,194,22,6,4,2.5,1,electric,electricity,public,Yes,No,63,192308
1902,28154,170,19,5,3,2.0,1,air,gas,public,Yes,No,64,212308
1578,53385,175,6,5,3,2.0,0,water/steam,gas,septic,No,No,57,153769
4249,38308,242,40,8,4,2.5,2,air,gas,septic,Yes,No,52,264692
1538,65231,268,0,10,4,2.5,1,air,gas,public,Yes,No,57,261888
1093,48077,87,56,3,2,1.0,0,air,gas,public,No,No,57,106923
283,18846,149,13,7,2,2.5,0,air,gas,public,Yes,No,64,107615
1133,9692,146,82,7,3,1.0,0,air,gas,septic,No,No,63,82308
1133,16923,106,16,6,2,2.0,1,air,gas,public,Yes,No,64,96154
3683,2462,126,11,5,3,1.5,1,air,oil,septic,No,No,30,138077
1416,6077,171,27,5,3,2.0,0,water/steam,gas,septic,Yes,No,54,129231
1012,38462,127,33,5,3,1.0,0,air,gas,public,No,No,57,96154
3804,37077,239,9,11,4,2.5,1,air,gas,public,No,No,63,242308
647,42231,105,36,4,3,1.0,0,air,gas,public,No,No,57,100000
607,12077,85,16,4,2,1.5,0,air,gas,public,No,No,52,82692
567,14154,137,19,5,3,1.5,0,air,gas,public,No,No,64,90769
7851,84615,196,5,9,3,2.0,1,air,gas,septic,Yes,No,40,225385
445,11538,78,0,3,2,1.0,0,air,gas,public,Yes,No,51,66200
1862,11692,173,3,7,3,2.5,1,air,gas,septic,No,No,52,143846
1862,4462,97,32,5,3,1.5,1,water/steam,oil,public,No,No,47,115703
405,13846,120,29,5,3,1.5,0,air,gas,public,Yes,No,64,84923
1052,16846,177,30,5,3,1.5,1,air,gas,public,Yes,No,64,179231
728,92077,177,0,4,2,2.5,1,air,gas,public,Yes,No,57,191715
2469,32077,167,11,6,3,2.5,1,air,gas,public,No,No,61,232308
2914,3538,114,43,5,3,1.0,1,electric,electricity,septic,No,No,44,86538
1457,2769,89,40,5,3,1.0,0,air,oil,septic,No,No,36,125385
1457,27615,171,106,6,4,1.5,1,air,gas,public,No,No,51,188462
1295,12615,155,116,5,3,2.0,0,air,gas,public,No,No,51,256923
526,14077,86,20,6,2,1.0,0,electric,electricity,public,No,No,63,96154
2469,26692,213,10,9,4,2.5,1,air,gas,septic,Yes,No,64,257692
20234,18538,94,17,5,2,1.0,0,electric,electricity,septic,No,No,40,172615
1862,28154,290,1,12,4,2.5,1,air,gas,public,Yes,No,63,284615
243,12615,122,19,6,2,1.5,0,electric,electricity,public,No,No,63,95385
1416,28077,144,21,4,3,1.0,0,electric,electricity,public,No,No,64,137615
1659,19538,215,41,7,4,2.5,1,water/steam,gas,public,No,No,64,183846
283,35846,120,16,5,3,1.5,1,electric,electricity,public,Yes,No,57,79231
1295,41462,198,0,9,4,2.5,1,air,gas,public,Yes,No,64,173077
1821,4231,158,39,6,3,2.0,0,water/steam,gas,septic,No,No,38,160000
2469,22385,158,16,6,3,1.5,1,water/steam,gas,public,No,No,63,189231
1902,10846,138,18,5,3,1.5,0,water/steam,gas,septic,No,No,57,148462
890,55385,152,50,4,3,1.0,0,water/steam,gas,public,No,No,62,233000
1942,55846,369,31,12,5,3.5,4,air,gas,public,Yes,No,62,596154
647,12077,84,21,3,2,1.0,0,electric,electricity,public,No,No,40,114615
607,27692,116,0,4,3,2.5,1,air,gas,public,Yes,No,57,130346
4047,37923,113,19,5,3,2.0,0,electric,electricity,public,No,No,63,138462
2428,43846,269,9,12,4,2.5,2,air,gas,public,Yes,No,63,307692
4371,16231,245,15,8,4,2.5,3,air,gas,septic,Yes,No,40,312308
2792,2615,127,6,8,3,1.5,0,air,oil,septic,No,No,44,121923
364,5154,85,13,8,3,1.0,0,electric,electricity,public,No,No,40,95385
2833,22154,112,17,4,2,1.0,1,air,gas,septic,No,No,60,121923
4897,11231,154,23,9,4,1.5,1,air,oil,septic,No,No,35,130769
1457,20769,140,19,6,3,2.0,1,air,gas,public,No,No,52,102692
1902,47154,186,22,7,3,2.5,1,air,gas,public,Yes,No,63,208462
1133,17846,152,52,5,4,1.5,0,air,oil,septic,No,No,63,120692
2347,66462,312,9,12,4,3.5,1,air,gas,public,Yes,No,64,319231
4047,26846,97,11,7,3,2.0,1,electric,electricity,septic,No,No,57,89692
364,13538,122,21,6,2,1.5,1,electric,electricity,public,Yes,No,63,126923
2914,20923,175,5,9,3,2.5,1,air,gas,septic,No,No,57,232308
931,26231,166,13,8,3,1.0,0,air,gas,septic,Yes,No,60,214615
5666,57538,318,2,12,4,4.0,1,air,gas,public,Yes,No,62,361462
647,12077,92,17,3,2,2.0,1,electric,electricity,public,No,No,54,105769
647,11615,110,18,5,3,2.0,0,electric,electricity,public,No,No,52,92308
4047,18846,100,15,4,3,2.0,0,electric,electricity,septic,No,No,35,86154
526,14000,104,16,6,2,1.5,1,air,gas,public,Yes,No,64,133846
2104,1923,108,6,5,3,2.0,0,air,gas,septic,No,No,44,93077
647,12000,84,17,4,2,1.0,0,electric,electricity,public,No,No,54,96923
3035,5000,149,53,5,3,2.0,1,air,oil,septic,No,No,57,119231
283,1385,137,17,7,3,1.5,1,water/steam,gas,public,Yes,No,40,115846
243,35231,116,18,5,2,1.5,0,air,gas,public,Yes,No,57,113846
1902,15385,111,20,7,3,1.5,0,electric,electricity,septic,Yes,No,61,163846
2064,12769,85,34,4,3,1.0,0,air,gas,septic,No,No,40,104308
283,37077,208,0,6,3,2.5,0,air,gas,public,Yes,No,57,221231
1538,16385,131,48,5,3,1.0,1,air,gas,septic,No,No,71,103846
1862,68923,234,0,8,4,2.5,1,air,gas,public,No,No,57,254500
2347,29385,186,16,5,3,2.0,1,air,gas,public,Yes,No,63,169462
1821,20769,238,43,11,4,2.5,1,water/steam,gas,public,No,No,64,203846
1781,83769,252,1,9,4,2.5,1,air,gas,public,Yes,No,40,263232
16997,54231,263,29,10,3,2.5,1,electric,electricity,septic,Yes,No,64,350000
283,1385,137,15,5,2,2.5,1,air,gas,public,Yes,No,54,99923
11493,46308,143,55,7,2,1.0,1,water/steam,gas,septic,No,No,64,106923
2104,14000,169,11,6,3,1.5,1,air,gas,public,No,No,57,173077
3076,13923,94,4,5,3,1.5,0,air,gas,septic,No,No,62,150000
1214,65077,158,27,6,3,1.5,1,air,gas,public,Yes,No,57,121154
2347,24154,229,42,8,4,2.5,1,water/steam,gas,public,No,No,61,246077
1214,83769,249,1,11,4,2.5,0,air,gas,public,No,No,40,210381
688,14385,137,22,4,3,1.5,0,air,gas,public,No,No,64,126923
647,28308,155,0,7,3,2.5,0,air,gas,public,Yes,No,57,129923
971,37769,87,34,8,3,1.5,0,air,gas,public,No,No,57,124308
1335,8923,196,3,8,4,2.5,1,air,gas,public,Yes,No,64,165385
607,12077,85,19,7,2,1.5,0,electric,electricity,public,No,No,52,64615
1295,111462,228,36,10,3,2.5,1,water/steam,oil,public,No,No,57,269231
1902,15385,186,7,10,4,2.5,1,air,gas,public,No,No,63,220000
1902,57846,221,19,8,3,2.5,1,air,gas,public,Yes,No,63,225000
2023,11769,226,12,11,4,2.5,1,air,gas,public,Yes,No,52,173077
1659,81308,147,31,6,4,1.5,0,air,gas,public,Yes,No,57,169231
1133,7538,116,70,4,3,1.5,0,water/steam,gas,public,No,No,40,115385
607,11615,129,17,5,2,1.5,0,electric,electricity,public,No,No,54,95000
607,11615,110,18,3,2,1.5,0,electric,electricity,public,No,No,54,94231
2023,22308,210,30,9,4,2.5,1,water/steam,gas,public,No,No,63,188462
1578,65692,259,0,8,4,2.5,1,air,gas,public,No,No,57,285512
688,1462,131,139,9,6,1.5,0,water/steam,gas,public,No,No,38,73077
3440,38769,255,34,12,4,3.5,2,water/steam,oil,septic,No,No,27,184615
1416,83769,211,1,6,3,2.5,1,air,gas,public,No,No,40,197192
324,1615,137,16,5,3,1.5,1,air,gas,public,No,No,54,94615
1862,18846,160,26,7,3,1.5,1,electric,electricity,public,No,No,63,146923
607,12077,85,20,5,2,1.5,1,electric,electricity,public,No,No,40,114154
809,5538,96,14,5,2,1.5,0,water/steam,gas,public,No,No,54,76923
4047,96000,321,20,12,3,2.5,2,electric,electricity,septic,Yes,No,57,345385
1659,34077,223,35,11,4,2.5,1,air,gas,septic,No,No,63,190769
931,47077,133,33,8,3,1.5,0,air,gas,public,Yes,No,57,253846
283,154,173,15,7,3,3.5,1,air,gas,public,Yes,No,47,242308
607,11615,129,18,6,2,1.5,0,electric,electricity,public,No,No,40,114538
2104,3462,125,13,5,3,2.0,0,air,gas,septic,No,No,38,100000
4047,12231,241,0,9,4,2.5,1,air,gas,none,No,No,51,178829
1214,40769,127,33,7,3,1.5,0,air,gas,public,Yes,No,57,111538
8336,30846,140,6,5,3,2.0,0,air,oil,septic,No,No,30,117692
1214,26154,156,28,8,3,2.5,1,air,gas,public,Yes,No,61,190000
647,11615,110,21,4,3,2.0,0,electric,electricity,public,No,No,40,123077
647,11615,100,25,5,2,1.0,1,air,gas,public,Yes,No,54,100000
1781,10154,152,25,8,3,1.5,1,air,gas,septic,Yes,No,57,112692
283,37077,162,13,6,3,2.5,1,air,gas,public,Yes,No,57,184615
2064,11231,118,47,7,3,1.0,0,water/steam,oil,public,No,No,21,76923
1578,15692,102,9,3,2,1.0,0,air,gas,public,No,No,51,149923
1740,67538,256,2,10,3,2.5,1,air,gas,public,Yes,No,57,500000
486,68462,130,51,4,3,2.5,0,air,gas,public,Yes,No,57,173077
1700,23769,161,36,9,3,1.5,0,air,gas,public,No,No,64,81538
1902,25538,258,33,12,5,3.0,2,air,gas,public,Yes,No,63,194615
1457,25385,251,121,12,6,1.0,1,air,oil,septic,No,No,61,170346
1821,24846,163,35,7,4,1.5,1,air,gas,public,No,No,64,173077
2104,28692,195,14,8,4,2.5,1,air,gas,public,Yes,No,64,170000
1619,11538,228,0,9,4,2.5,1,air,gas,public,No,No,64,160538
728,14462,137,18,4,3,1.5,0,electric,electricity,public,No,No,64,100000
688,11615,139,16,8,3,2.5,0,electric,electricity,public,No,No,52,86923
2226,14846,231,8,10,4,2.5,1,air,gas,public,No,No,64,261538
5059,9154,145,16,7,3,2.0,1,electric,electricity,septic,No,No,62,257692
2226,14846,212,12,7,4,2.5,1,air,gas,public,No,No,62,256923
647,42231,107,38,7,2,1.0,1,air,gas,public,No,No,57,111538
2185,4385,169,35,8,4,1.5,0,water/steam,gas,septic,No,No,36,118846
2226,30385,188,2,9,4,2.5,1,air,gas,public,No,No,63,215308
21651,106000,156,37,8,4,2.0,0,air,oil,septic,Yes,No,62,200000
2428,24615,249,33,11,4,2.5,1,water/steam,gas,public,No,No,63,124019
1335,1923,152,95,4,3,2.0,0,water/steam,oil,septic,No,No,27,99231
5666,98846,203,12,6,3,2.5,0,air,gas,none,Yes,No,57,303846
4047,75769,149,25,7,3,1.5,1,air,gas,septic,Yes,No,57,143846
1942,69846,188,0,8,3,2.5,1,air,gas,public,Yes,No,57,184615
2104,4231,116,16,6,3,2.0,0,electric,electricity,septic,No,No,27,126923
2226,5769,197,11,10,4,3.0,0,water/steam,gas,septic,No,No,38,176154
1457,38923,110,51,5,3,1.0,0,electric,electricity,septic,No,No,57,113679
1862,11692,191,1,7,4,2.5,1,air,gas,none,No,No,52,161462
526,231,121,9,7,3,1.5,0,air,oil,septic,No,No,41,119231
1659,2385,251,13,11,3,2.5,1,air,oil,public,No,No,47,400000
647,12077,85,20,5,2,1.5,0,electric,electricity,public,No,No,54,88462
688,12154,84,21,3,2,1.0,0,electric,electricity,public,No,No,40,98462
607,7692,178,16,10,4,2.5,1,electric,electricity,septic,Yes,No,27,152308
607,11615,110,20,4,3,2.0,1,water/steam,gas,public,No,No,40,113077
2428,2077,107,34,5,3,1.0,0,air,gas,septic,No,No,36,96154
4371,148692,245,14,12,4,2.5,1,air,gas,septic,Yes,No,57,497692
4047,6154,94,45,7,3,1.0,0,air,gas,septic,No,No,44,57692
1376,10000,140,19,8,3,2.0,0,air,oil,public,Yes,No,64,145769
2833,30769,219,15,7,4,2.5,0,air,gas,public,No,No,64,230769
567,15077,125,16,6,2,1.5,1,electric,electricity,public,Yes,No,64,106923
971,5538,114,115,5,3,1.0,1,air,gas,public,No,No,64,113077
3723,22308,126,53,9,4,1.0,0,air,oil,septic,Yes,No,57,130769
1376,9154,182,3,8,4,2.5,1,air,gas,public,No,No,64,246077
12140,34231,281,178,12,4,2.5,0,water/steam,oil,septic,No,No,41,103846
1012,6385,135,11,8,3,1.0,0,air,gas,public,Yes,No,54,137692
445,66923,123,84,6,3,1.5,1,air,oil,public,No,No,57,173077
607,1923,94,15,4,3,1.0,0,air,gas,public,No,No,36,102308
1862,6000,111,20,6,2,1.0,0,electric,electricity,septic,No,No,62,132308
2307,2000,191,28,5,3,1.0,0,electric,electricity,septic,No,No,36,119231
1942,24385,174,27,8,4,2.5,1,air,gas,septic,No,No,52,146231
1659,3692,193,57,7,3,2.0,1,air,oil,septic,No,No,36,169231
2388,20308,146,33,6,4,2.5,1,water/steam,gas,public,No,No,64,181462
243,2769,125,54,8,5,1.0,0,electric,electricity,public,No,No,54,110769
4452,15462,213,124,9,4,1.5,1,water/steam,oil,septic,No,No,60,169154
2509,24308,142,14,6,2,2.0,1,air,gas,septic,Yes,No,64,192308
1214,36154,155,6,4,3,2.5,1,air,gas,public,Yes,No,57,148462
1416,8462,109,21,7,3,1.0,0,electric,electricity,public,No,No,64,110000
2185,14538,149,11,4,3,1.5,0,air,gas,public,Yes,No,57,131538
2307,51769,276,12,11,4,3.0,1,air,oil,public,Yes,No,63,253846
567,11615,149,26,7,2,1.5,1,air,gas,public,Yes,No,40,133077
3844,60000,221,9,6,3,2.5,1,air,gas,septic,No,No,82,226923
1416,20769,177,20,7,4,2.0,1,electric,electricity,public,No,No,54,165000
1619,21538,139,21,7,3,1.5,0,air,gas,public,No,No,64,169231
2428,24615,215,38,10,4,2.5,1,water/steam,gas,public,No,No,63,148846
2266,23692,251,35,10,4,2.5,1,water/steam,gas,public,No,No,63,167308
769,5615,181,133,8,4,1.0,1,water/steam,gas,public,No,No,51,83846
5220,16615,195,19,7,4,3.0,1,air,gas,septic,Yes,No,57,192308
445,66923,209,121,10,4,2.0,0,water/steam,gas,public,No,No,62,323077
2023,11769,146,13,7,3,1.5,1,water/steam,gas,public,No,No,54,153077
1862,21077,215,30,12,5,2.5,1,air,gas,public,No,No,64,147308
1902,21385,174,37,9,4,2.5,1,water/steam,gas,public,No,No,64,180769
607,11615,129,17,5,2,1.5,0,electric,electricity,public,No,No,54,88462
2995,27462,163,10,7,3,2.5,1,air,gas,public,No,No,64,180769
688,12154,85,19,3,2,1.5,0,air,gas,public,No,No,52,83769
1214,18846,165,32,6,3,1.5,1,air,gas,public,No,No,64,165385
688,11692,131,19,7,2,1.5,0,electric,electricity,public,No,No,40,121923
1538,16385,118,48,5,4,1.5,1,air,gas,septic,No,No,60,126923
2023,14077,146,13,7,3,1.5,1,air,gas,public,No,No,54,138385
2388,15308,85,13,7,3,1.0,0,air,gas,septic,No,No,51,110385
1416,1231,112,39,6,3,1.0,0,electric,electricity,septic,No,No,36,104615
3723,27769,126,11,5,3,2.0,0,electric,electricity,septic,No,No,63,121923
3844,37846,290,2,12,4,2.5,0,air,oil,septic,Yes,No,54,270769
1255,19308,187,32,7,3,1.5,1,air,gas,public,No,No,63,180000
1781,18615,123,7,8,3,2.5,1,air,gas,public,No,No,64,176846
3278,19231,214,25,9,5,2.5,1,electric,electricity,septic,No,No,52,138385
688,12154,85,19,4,2,1.5,1,electric,electricity,public,No,No,40,115308
3521,13385,81,36,3,2,1.5,2,air,oil,septic,No,No,62,106154
1416,38462,178,18,10,4,2.5,1,air,gas,public,Yes,No,62,200000
1012,6462,148,10,6,3,2.5,0,air,gas,public,No,No,52,97615
1416,20769,177,20,10,4,2.0,1,electric,electricity,public,No,No,54,165000
1659,23462,179,39,9,4,1.5,0,air,gas,public,No,No,64,169231
526,14077,88,22,5,2,1.0,0,air,gas,public,No,No,61,111846
3076,2923,168,11,7,3,1.5,0,air,oil,septic,No,No,38,111538
850,14692,106,19,4,2,1.0,1,electric,electricity,public,No,No,64,115385
1376,30000,166,40,10,4,2.5,1,air,gas,public,No,No,64,190000
364,13538,123,16,4,2,1.5,1,air,gas,public,Yes,No,64,84538
1821,10769,98,19,7,2,1.0,1,air,gas,septic,No,No,57,66154
1012,88462,198,150,8,3,1.5,1,water/steam,gas,public,No,No,57,217308
1416,51538,219,1,11,4,2.5,0,air,gas,public,Yes,No,57,208688
567,2462,137,15,4,3,1.5,1,air,gas,public,Yes,No,54,94231
1335,23077,190,10,5,3,2.0,0,air,gas,public,No,No,40,196077
1740,10385,167,14,8,3,2.5,1,air,gas,public,Yes,No,40,156154
647,42231,80,35,6,2,1.0,0,air,gas,public,Yes,No,62,133846
1781,20000,171,9,8,3,2.5,0,air,gas,public,Yes,No,64,214615
29299,28154,188,43,6,4,3.0,2,water/steam,gas,septic,No,No,71,225385
8094,38308,262,0,12,4,2.5,1,air,gas,none,Yes,No,71,195192
688,28923,109,5,4,2,2.5,1,air,gas,public,No,No,62,168077
567,27077,117,0,8,3,2.0,0,air,gas,public,Yes,No,57,127692
4047,27692,169,19,7,3,1.5,1,air,gas,septic,Yes,No,64,158462
1862,4231,82,43,4,3,1.0,0,air,gas,septic,No,No,38,66154
850,22154,110,15,3,2,1.5,1,air,gas,public,Yes,No,64,92308
1700,10000,237,0,9,4,2.5,1,air,gas,public,Yes,No,64,164865
2226,11462,92,33,7,3,1.0,1,air,oil,septic,No,No,64,104615
2064,4615,177,16,5,3,2.5,1,air,gas,septic,Yes,No,44,190000
2549,25308,215,39,9,5,2.5,1,water/steam,gas,public,No,No,64,200000
364,38462,84,42,5,2,1.0,1,electric,electricity,septic,No,No,35,101923
1376,63385,350,3,12,4,2.5,1,air,gas,public,Yes,No,62,500000
243,24615,204,0,8,4,2.5,0,air,gas,public,No,No,52,162309
607,11615,151,19,6,3,2.5,0,electric,electricity,public,No,No,54,107692
1902,18923,160,27,5,3,1.5,1,electric,electricity,public,No,No,64,168462
647,12077,85,19,6,2,1.5,0,water/steam,gas,public,No,No,52,81154
1902,10846,310,1,12,4,3.5,1,air,gas,public,Yes,No,63,353846
1012,6462,143,10,6,3,2.5,0,air,gas,public,No,No,54,117692
1376,63385,216,5,7,3,2.5,1,air,gas,public,Yes,No,57,330769
526,11538,78,0,3,2,1.0,0,air,gas,public,No,No,51,65346
607,27692,204,1,8,3,2.5,1,air,gas,public,Yes,No,62,267500
1335,27308,166,18,7,3,2.5,1,air,gas,public,Yes,No,63,161538
1578,10000,196,11,10,3,2.5,1,water/steam,gas,septic,No,No,64,226231
647,17231,98,15,7,2,1.5,1,air,gas,public,No,No,64,88462
